"ID","Name","Discounted Price","Actual Price","Saving","Rating","Reviews","Brand","Core","SSD","Model","Has_GPU","GPU_Family","GPU_Model","GPU_Tier","CPU_Text","CPU_Brand","CPU_Tier","RAM_GB","Storage_GB"
0,"Apple MacBook Air 13 M1 MGN63 (8GB-256GB)",203499,258000,"21% OFF",5,2,"Apple","M1",NA,"MacBook Air 13 M1 MGN63",FALSE,NA,NA,NA,"M1","Apple","Mid",8,256
1,"Apple Macbook Air 13 MW123 M4 Chip",281999,350000,"19% OFF",4.3,5,"Apple","M4",NA,"Macbook Air 13 MW123 M4 Chip",FALSE,NA,NA,NA,"M4","Apple","High",NA,NA
2,"ASUS Zenbook 14 UX3405CA Intel Core Ultra 7 255H (16GB-512GB SSD)",285999,330000,"13% OFF",NA,NA,"Asus","Ultra 7","16GB-512GB SSD","Zenbook 14 UX3405CA Intel Core Ultra 7 255H",FALSE,NA,NA,NA,"Ultra 7","Intel","Upper-Mid",16,16
3,"Lenovo ThinkPad E16 Gen 2 - Intel Core Ultra 7 (16GB-512GB)",287999,340000,"15% OFF",NA,NA,"Lenovo","Ultra 7",NA,"ThinkPad E16 Gen 2 - Intel Core Ultra 7",FALSE,NA,NA,NA,"Ultra 7","Intel","Upper-Mid",16,512
4,"Lenovo IdeaPad Slim 3 Ryzen 7 (8GB-512GB)",146999,175000,"16% OFF",NA,NA,"Lenovo","Ryzen 7",NA,"IdeaPad Slim 3 Ryzen 7",FALSE,NA,NA,NA,"Ryzen 7","AMD",NA,8,512
5,"HP 250 G10 Ci3 N305 (8GB-512GB SSD)",115999,144999,"20% OFF",NA,NA,"Hp",NA,"8GB-512GB SSD","250 G10 Ci3 N305",FALSE,NA,NA,NA,"HP 250 G10 Ci3 N305 (8GB-512GB SSD)","Intel","Entry",8,8
6,"Dell Latitude 3540 Ci5-1335U (8GB-256GB SSD) 15.6 FHD",169999,249999,"32% OFF",5,1,"Dell",NA,"8GB-256GB SSD","Latitude 3540 Ci5-1335U  15.6 FHD",FALSE,NA,NA,NA,"Dell Latitude 3540 Ci5-1335U (8GB-256GB SSD) 15.6 FHD","Intel","Mid",8,8
7,"Dell Latitude 15 5540 15.6 Inches 13th Gen Core i7 DOS (8GB - 512GB)",343999,415000,"17% OFF",NA,NA,"Dell","Core i7",NA,"Latitude 15 5540 15.6 Inches 13th Gen Core i7 DOS",FALSE,NA,NA,NA,"Core i7","Intel","Upper-Mid",8,512
8,"Dell Latitude 15 3540 15.6 Inches 13th Gen Core i7 DOS (8GB - 512GB)",251999,320000,"21% OFF",NA,NA,"Dell","Core i7",NA,"Latitude 15 3540 15.6 Inches 13th Gen Core i7 DOS",FALSE,NA,NA,NA,"Core i7","Intel","Upper-Mid",8,512
9,"Lenovo IdeaPad Slim 3 Core i5 13th Gen",134999,174999,"23% OFF",5,2,"Lenovo","Core i5",NA,"IdeaPad Slim 3 Core i5 13th Gen",FALSE,NA,NA,NA,"Core i5","Intel","Mid",NA,NA
10,"HP Probook 450 G10 Core i5 13th Gen 1335U",179999,2e+05,"10% OFF",3,1,"Hp","Core i5",NA,"Probook 450 G10 Core i5 13th Gen 1335U",FALSE,NA,NA,NA,"Core i5","Intel","Mid",NA,NA
11,"Lenovo ThinkPad E16 G1 14 Inches 13th Gen Core i7 (8GB - 512GB)",277999,3e+05,"7% OFF",NA,NA,"Lenovo","Core i7",NA,"ThinkPad E16 G1 14 Inches 13th Gen Core i7",FALSE,NA,NA,NA,"Core i7","Intel","Upper-Mid",8,512
12,"Lenovo LOQ 15  Inches 13th Gen Core i7 (16GB - 512GB)",324999,380000,"14% OFF",NA,NA,"Lenovo","Core i7",NA,"LOQ 15  Inches 13th Gen Core i7",FALSE,NA,NA,NA,"Core i7","Intel","Upper-Mid",16,512
13,"HP 15s FQ2653TU 11th Gen  Core i7 (8GB-512GB)",160999,180000,"11% OFF",NA,NA,"Hp","Core i7",NA,"15s FQ2653TU 11th Gen  Core i7",FALSE,NA,NA,NA,"Core i7","Intel","Upper-Mid",8,512
14,"HP OMEN 16-WD0073dx Ci7-13620H (16GB - 1TB) RTX-4060-8GB",365999,390000,"6% OFF",NA,NA,"Hp",NA,NA,"OMEN 16-WD0073dx Ci7-13620H  RTX-4060-8GB",TRUE,"RTX",4060,"Upper-Mid","HP OMEN 16-WD0073dx Ci7-13620H (16GB - 1TB) RTX-4060-8GB","Intel","Upper-Mid",16,1024
15,"HP Spectre 16-AA0013dx Ultra 7 155U (16GB 1TB) 16WQXGA",469999,520000,"10% OFF",NA,NA,"Hp","Ultra 7",NA,"Spectre 16-AA0013dx Ultra 7 155U  16WQXGA",FALSE,NA,NA,NA,"Ultra 7","Intel","Upper-Mid",16,1024
16,"HP ProBook 460 G11 Notebook PC | Intel® Core™ Ultra 7 Processor 155U (8GB-512GB)",251999,310000,"19% OFF",NA,NA,"Hp","Ultra 7",NA,"ProBook 460 G11 Notebook PC | Intel® Core™ Ultra 7 Processor 155U",FALSE,NA,NA,NA,"Ultra 7","Intel","Upper-Mid",8,512
17,"HP OMEN 16-AP0167AX R9-8940HX (16GB - 512GB) RTX-5060-8GB",419999,499999,"16% OFF",NA,NA,"Hp",NA,NA,"OMEN 16-AP0167AX R9-8940HX  RTX-5060-8GB",TRUE,"RTX",5060,"High","HP OMEN 16-AP0167AX R9-8940HX (16GB - 512GB) RTX-5060-8GB",NA,NA,16,512
18,"Lenovo ThinkPad E14 Intel Core Ultra 5 (8GB-512GB)",244999,295000,"17% OFF",NA,NA,"Lenovo","Ultra 5",NA,"ThinkPad E14 Intel Core Ultra 5",FALSE,NA,NA,NA,"Ultra 5","Intel","Mid",8,512
19,"HP 15-FD0499NIA Ci5-1334U (8GB 512GB SSD)",143999,180000,"20% OFF",NA,NA,"Hp",NA,"512GB SSD","15-FD0499NIA Ci5-1334U",FALSE,NA,NA,NA,"HP 15-FD0499NIA Ci5-1334U (8GB 512GB SSD)","Intel","Mid",512,512
20,"HP Probook 440 G10 13th Gen Core i5-1335U",187999,250000,"25% OFF",NA,NA,"Hp","Core i5",NA,"Probook 440 G10 13th Gen Core i5-1335U",FALSE,NA,NA,NA,"Core i5","Intel","Mid",NA,NA
21,"HP Envy 16 H1010TX Gen 13th Core i7",411999,450000,"8% OFF",NA,NA,"Hp","Core i7",NA,"Envy 16 H1010TX Gen 13th Core i7",FALSE,NA,NA,NA,"Core i7","Intel","Upper-Mid",NA,NA
22,"Dell Inspiron 14 7440 2 in 1 Intel Core 5 120U",181999,250000,"27% OFF",NA,NA,"Dell",NA,NA,"Inspiron 14 7440 2 in 1 Intel Core 5 120U",FALSE,NA,NA,NA,"Dell Inspiron 14 7440 2 in 1 Intel Core 5 120U","Intel",NA,NA,NA
23,"HP Elitebook 640 G11 Ultra 5 125U",252999,280000,"10% OFF",NA,NA,"Hp","Ultra 5",NA,"Elitebook 640 G11 Ultra 5 125U",FALSE,NA,NA,NA,"Ultra 5","Intel","Mid",NA,NA
24,"HP Spectre 14-EU0000 Ultra 7 (32GB, 2TB SSD) OLED Plus HP PEN",519999,550000,"5% OFF",NA,NA,"Hp","Ultra 7",NA,"Spectre 14-EU0000 Ultra 7  OLED Plus HP PEN",FALSE,NA,NA,NA,"Ultra 7","Intel","Upper-Mid",32,2048
25,"Infinix INBOOK Air (XL442) Core i3 1215U (8GB - 256GB)",119999,129999,"8% OFF",NA,NA,"Infinix","Core i3",NA,"INBOOK Air",FALSE,NA,NA,NA,"Core i3","Intel","Entry",NA,NA
26,"HP 15 FD0361TU Raptor Lake 13th Gen Core i5 1334u",151999,NA,NA,NA,NA,"Hp","Core i5",NA,"15 FD0361TU Raptor Lake 13th Gen Core i5 1334u",FALSE,NA,NA,NA,"Core i5","Intel","Mid",NA,NA
27,"HP Probook 450 G10 Raptor Lake 13th Gen Core i5 1334U 8GB-512GB SSD",179999,199999,"10% OFF",NA,NA,"Hp","Core i5","8GB-512GB SSD","Probook 450 G10 Raptor Lake 13th Gen Core i5 1334U 8GB-512GB SSD",FALSE,NA,NA,NA,"Core i5","Intel","Mid",8,8
28,"Acer Nitro V15 13th Gen Core i7-13620H (16GB-512GB SSD)",260999,289999,"10% OFF",NA,NA,"Acer","Core i7","16GB-512GB SSD","Nitro V15 13th Gen Core i7-13620H",FALSE,NA,NA,NA,"Core i7","Intel","Upper-Mid",16,16
29,"DELL LATTITUDE 5550 14TH GEN Core Ultra 7 155U (8GB-512GB SSD)",359999,379999,"5% OFF",NA,NA,"Dell","Ultra 7","8GB-512GB SSD","LATTITUDE 5550 14TH GEN Core Ultra 7 155U",FALSE,NA,NA,NA,"Ultra 7","Intel","Upper-Mid",8,8
30,"LENOVO THINKPAD E14 G4 13TH GEN Intel Core I7 1355U (8GB-512GB SSD)",267999,280000,"4% OFF",NA,NA,"Lenovo",NA,"8GB-512GB SSD","THINKPAD E14 G4 13TH GEN Intel Core I7 1355U",FALSE,NA,NA,NA,"LENOVO THINKPAD E14 G4 13TH GEN Intel Core I7 1355U (8GB-512GB SSD)","Intel",NA,8,8
31,"Lenovo legion 5 14th core i7 14650hx (16GB-1TB) DOS",431999,450000,"4% OFF",NA,NA,"Lenovo",NA,NA,"legion 5 14th core i7 14650hx  DOS",FALSE,NA,NA,NA,"Lenovo legion 5 14th core i7 14650hx (16GB-1TB) DOS",NA,"Upper-Mid",16,1024
32,"Dell Latitude 3550 Raptor Lake 13th Gen Core i7 1355U (8GB-512GB SSD)",249999,304999,"18% OFF",NA,NA,"Dell","Core i7","8GB-512GB SSD","Latitude 3550 Raptor Lake 13th Gen Core i7 1355U",FALSE,NA,NA,NA,"Core i7","Intel","Upper-Mid",8,8
33,"HP OmniBook 14 FM0013DX Core Ultra 5 226V (16GB-512GB SSD)",215999,270000,"20% OFF",NA,NA,"Hp","M0","16GB-512GB SSD","OmniBook 14 FM0013DX Core Ultra 5 226V",FALSE,NA,NA,NA,"M0",NA,NA,16,16
34,"LENOVO LOQ 15 CI7-14650HX",401999,449000,"10% OFF",NA,NA,"Lenovo",NA,NA,"LOQ 15 CI7-14650HX",FALSE,NA,NA,NA,"LENOVO LOQ 15 CI7-14650HX",NA,NA,NA,NA
35,"HP OmniBook X Flip 14-FM0023DX Core Ultra 7 256V (16GB-1TB SSD)",259999,290000,"10% OFF",NA,NA,"Hp","M0",NA,"OmniBook X Flip 14-FM0023DX Core Ultra 7 256V",FALSE,NA,NA,NA,"M0",NA,NA,16,1024
36,"ASUS TUF GAMING F15-FX507VU Ci7-13620H (16GB-512GB SSD) RTX 4050 6GB",319999,365000,"12% OFF",NA,NA,"Asus",NA,"16GB-512GB SSD","TUF GAMING F15-FX507VU Ci7-13620H  RTX 4050 6GB",TRUE,"RTX",4050,"Mid","ASUS TUF GAMING F15-FX507VU Ci7-13620H (16GB-512GB SSD) RTX 4050 6GB","Intel","Upper-Mid",16,16
37,"Lenovo Legion Pro 7 Ultra 9-275HX (32GB-2TB SSD) RTX 5070Ti 12GB 240Hz",992999,1040000,"5% OFF",NA,NA,"Lenovo","Ultra 9",NA,"Legion Pro 7 Ultra 9-275HX  RTX 5070Ti 12GB 240Hz",TRUE,"RTX",5070,"High","Ultra 9","Intel","High",32,2048
38,"ASUS TUF F16 FX608JMR Ci7 14650HX (32GB-1TB SSD) RTX 5060 8GB",444999,475000,"6% OFF",NA,NA,"Asus",NA,NA,"TUF F16 FX608JMR Ci7 14650HX  RTX 5060 8GB",TRUE,"RTX",5060,"High","ASUS TUF F16 FX608JMR Ci7 14650HX (32GB-1TB SSD) RTX 5060 8GB","Intel","Upper-Mid",32,1024
39,"Lenovo ThinkBook 16 G7 Ryzen 5-7533HS (16GB-512GB SSD)",167999,2e+05,"16% OFF",NA,NA,"Lenovo","Ryzen 5","16GB-512GB SSD","ThinkBook 16 G7 Ryzen 5-7533HS",FALSE,NA,NA,NA,"Ryzen 5","AMD",NA,16,16
40,"Lenovo Legion 5 16IAX10 Core Ultra 9-275HX (32GB-1TB SSD) RTX 5060 8GB",493999,550000,"10% OFF",NA,NA,"Lenovo","Ultra 9",NA,"Legion 5 16IAX10 Core Ultra 9-275HX  RTX 5060 8GB",TRUE,"RTX",5060,"High","Ultra 9","Intel","High",32,1024
41,"HP 15-FD0647TU Ci5-1334U (8GB-512GB SSD)",145999,2e+05,"27% OFF",NA,NA,"Hp",NA,"8GB-512GB SSD","15-FD0647TU Ci5-1334U",FALSE,NA,NA,NA,"HP 15-FD0647TU Ci5-1334U (8GB-512GB SSD)","Intel","Mid",8,8
42,"HP OMNIBOOK ULTRA FLIP 14-FH0033DX ULTRA 9-288V (32GB-2TB SSD)",504999,545000,"7% OFF",NA,NA,"Hp",NA,NA,"OMNIBOOK ULTRA FLIP 14-FH0033DX ULTRA 9-288V",FALSE,NA,NA,NA,"HP OMNIBOOK ULTRA FLIP 14-FH0033DX ULTRA 9-288V (32GB-2TB SSD)",NA,NA,32,2048
43,"HP Laptop EQ2180AU 15.6 Inches AMD Ryzen 5 (8GB RAM - 512GBSSD)",194999,219999,"11% OFF",NA,NA,"Hp","Ryzen 5","512GBSSD","Laptop EQ2180AU 15.6 Inches AMD Ryzen 5",FALSE,NA,NA,NA,"Ryzen 5","AMD",NA,512,512
44,"Lenovo ThinkPad E15 G4 15.6 Inches 12th Gen Core i7 Backlit Keyboard DOS (8GB - 512GB)",242999,299999,"19% OFF",NA,NA,"Lenovo","Core i7",NA,"ThinkPad E15 G4 15.6 Inches 12th Gen Core i7 Backlit Keyboard DOS",FALSE,NA,NA,NA,"Core i7","Intel","Upper-Mid",8,512
45,"HP Probook 450 G9 15.6 Inches 12th Gen Core i7 DOS (8GB - 512GB) Local",194999,299999,"35% OFF",5,1,"Hp","Core i7",NA,"Probook 450 G9 15.6 Inches 12th Gen Core i7 DOS  Local",FALSE,NA,NA,NA,"Core i7","Intel","Upper-Mid",8,512
46,"HP Pavilion X360 14 EK1055TU 14 Inches 13th Gen Core i5 Win 11 Home (8GB - 512GB)",199999,299999,"33% OFF",NA,NA,"Hp","Core i5",NA,"Pavilion X360 14 EK1055TU 14 Inches 13th Gen Core i5 Win 11 Home",FALSE,NA,NA,NA,"Core i5","Intel","Mid",8,512
47,"HP Pavilion 15 EG3002TX 15.6 Inches 13th Gen Core i5 Win 11 (8GB - 512GB)",258999,324999,"20% OFF",NA,NA,"Hp","Core i5",NA,"Pavilion 15 EG3002TX 15.6 Inches 13th Gen Core i5 Win 11",FALSE,NA,NA,NA,"Core i5","Intel","Mid",8,512
48,"HP Envy 16 H1008TX 16 Inches 13th Gen Core i5 Win 11 (16GB - 512GB)",409999,449999,"9% OFF",NA,NA,"Hp","Core i5",NA,"Envy 16 H1008TX 16 Inches 13th Gen Core i5 Win 11",FALSE,NA,NA,NA,"Core i5","Intel","Mid",16,512
49,"Apple Macbook Pro MRX33 M3 Pro 14 (18GB-512GB) Black",554999,6e+05,"8% OFF",NA,NA,"Apple","M3",NA,"Macbook Pro MRX33 M3 Pro 14  Black",FALSE,NA,NA,NA,"M3","Apple","High",18,512
50,"Apple MACBOOK AIR 13.6” M2 CHIP MLY43 8-512GB",354999,4e+05,"11% OFF",NA,NA,"Apple","M2",NA,"MACBOOK AIR 13.6” M2 CHIP MLY43 8-512GB",FALSE,NA,NA,NA,"M2","Apple","Upper-Mid",NA,NA
51,"Lenovo ThinkBook16 - Ci5-1335U (8GB 512GB)",161599,225000,"28% OFF",NA,NA,"Lenovo",NA,NA,"ThinkBook16 - Ci5-1335U",FALSE,NA,NA,NA,"Lenovo ThinkBook16 - Ci5-1335U (8GB 512GB)","Intel","Mid",8,512
52,"HP Spectre 14-EU0008NI Ultra 7 (16GB 1TB) Oled Plus HP PEN",464999,480000,"3% OFF",NA,NA,"Hp","Ultra 7",NA,"Spectre 14-EU0008NI Ultra 7  Oled Plus HP PEN",FALSE,NA,NA,NA,"Ultra 7","Intel","Upper-Mid",16,1024
53,"HP ProBook 440 G10 13th Gen Core i5 14 inches (8GB-512GB)",187999,2e+05,"6% OFF",NA,NA,"Hp","Core i5",NA,"ProBook 440 G10 13th Gen Core i5 14 inches",FALSE,NA,NA,NA,"Core i5","Intel","Mid",8,512
54,"HP ENVY 14-ES1013DX 14th Gen Core 5 120U (8GB-512GB SSD) x360 Touch",169999,2e+05,"15% OFF",5,1,"Hp",NA,"8GB-512GB SSD","ENVY 14-ES1013DX 14th Gen Core 5 120U  x360 Touch",FALSE,NA,NA,NA,"HP ENVY 14-ES1013DX 14th Gen Core 5 120U (8GB-512GB SSD) x360 Touch","Intel",NA,8,8
55,"Lenovo ThinkPad E14 G5 13th Gen Core i7 1355U (8GB-512GB)",285999,310000,"8% OFF",NA,NA,"Lenovo","Core i7",NA,"ThinkPad E14 G5 13th Gen Core i7 1355U",FALSE,NA,NA,NA,"Core i7","Intel","Upper-Mid",8,512
56,"HP Spectre 2-in-1 X360 16-F2013DX 13th Gen Core i7",346999,380000,"9% OFF",NA,NA,"Hp","Core i7",NA,"Spectre 2-in-1 X360 16-F2013DX 13th Gen Core i7",FALSE,NA,NA,NA,"Core i7","Intel","Upper-Mid",NA,NA
57,"Dell Vostro 15 3530 13th Gen Core i5 1334u",142999,180000,"21% OFF",5,1,"Dell","Core i5",NA,"Vostro 15 3530 13th Gen Core i5 1334u",FALSE,NA,NA,NA,"Core i5","Intel","Mid",NA,NA
58,"Lenovo ThinkPad E16 Gen 2 - Intel Core Ultra 5 (8GB-512GB)",243999,275000,"11% OFF",NA,NA,"Lenovo","Ultra 5",NA,"ThinkPad E16 Gen 2 - Intel Core Ultra 5",FALSE,NA,NA,NA,"Ultra 5","Intel","Mid",8,512
59,"Lenovo Thinkpad  T14 13th Gen Core I7 DOS",388999,4e+05,"3% OFF",NA,NA,"Lenovo",NA,NA,"Thinkpad  T14 13th Gen Core I7 DOS",FALSE,NA,NA,NA,"Lenovo Thinkpad  T14 13th Gen Core I7 DOS","Intel",NA,NA,NA
60,"HP Probook 440 G11 Ultra 7 155u",227999,275000,"17% OFF",NA,NA,"Hp","Ultra 7",NA,"Probook 440 G11 Ultra 7 155u",FALSE,NA,NA,NA,"Ultra 7","Intel","Upper-Mid",NA,NA
61,"Infinix INBOOK Y3H Plus (YL513H) Core i5 12450H (16GB - 512GB)",159999,169999,"6% OFF",NA,NA,"Infinix","Core i5",NA,"INBOOK Y3H Plus",FALSE,NA,NA,NA,"Core i5","Intel","Mid",NA,NA
62,"HP VICTUS 15-FB3093DX  R7-7445HS (16GB 512GB) RTX-4050-6GB",244999,288999,"15% OFF",NA,NA,"Hp",NA,NA,"VICTUS 15-FB3093DX  R7-7445HS  RTX-4050-6GB",TRUE,"RTX",4050,"Mid","HP VICTUS 15-FB3093DX  R7-7445HS (16GB 512GB) RTX-4050-6GB",NA,NA,16,512
63,"HP OMNIBOOK 14 FP0023DX Core 7 150U (16GB-512GB)",217999,255000,"15% OFF",NA,NA,"Hp",NA,NA,"OMNIBOOK 14 FP0023DX Core 7 150U",FALSE,NA,NA,NA,"HP OMNIBOOK 14 FP0023DX Core 7 150U (16GB-512GB)","Intel",NA,16,512
64,"Lenovo IdeaPad Slim 5 Ultra 5 125H (16GB-512GB) DOS",199999,224999,"11% OFF",NA,NA,"Lenovo","Ultra 5",NA,"IdeaPad Slim 5 Ultra 5 125H  DOS",FALSE,NA,NA,NA,"Ultra 5","Intel","Mid",16,512
65,"Lenovo IdeaPad Slim 5 Ultra 7 155H (16GB-512GB) DOS",256999,280000,"8% OFF",NA,NA,"Lenovo","Ultra 7",NA,"IdeaPad Slim 5 Ultra 7 155H  DOS",FALSE,NA,NA,NA,"Ultra 7","Intel","Upper-Mid",16,512
66,"Lenovo loq 15 13th Core i7 13650hx (24GB-512GB) DOS",324999,355000,"8% OFF",5,1,"Lenovo","Core i7",NA,"loq 15 13th Core i7 13650hx  DOS",FALSE,NA,NA,NA,"Core i7","Intel","Upper-Mid",24,512
67,"HP Laptop 15-FD0532NIA Intel Core i3-1315U 13th Gen (4GB-256GB)",110999,119000,"7% OFF",5,1,"Hp","Core i3",NA,"Laptop 15-FD0532NIA Intel Core i3-1315U 13th Gen",FALSE,NA,NA,NA,"Core i3","Intel","Entry",4,256
68,"LENOVO LOQ 15 Ci7 13650HX",300999,349000,"14% OFF",NA,NA,"Lenovo",NA,NA,"LOQ 15 Ci7 13650HX",FALSE,NA,NA,NA,"LENOVO LOQ 15 Ci7 13650HX","Intel","Upper-Mid",NA,NA
69,"LENOVO LOQ 15 Core i7 14650HX",376999,424999,"11% OFF",NA,NA,"Lenovo","Core i7",NA,"LOQ 15 Core i7 14650HX",FALSE,NA,NA,NA,"Core i7","Intel","Upper-Mid",NA,NA
70,"HP 15S-FQ5000NIA Ci3-1215U (4GB, 256GB SSD)",101999,149000,"32% OFF",NA,NA,"Hp",NA,"256GB SSD","15S-FQ5000NIA Ci3-1215U",FALSE,NA,NA,NA,"HP 15S-FQ5000NIA Ci3-1215U (4GB, 256GB SSD)","Intel","Entry",256,256
71,"Lenovo Legion 5 Ci7-14650HX (16GB-1TB SSD) RTX 4050 6GB",381999,429999,"11% OFF",NA,NA,"Lenovo",NA,NA,"Legion 5 Ci7-14650HX  RTX 4050 6GB",TRUE,"RTX",4050,"Mid","Lenovo Legion 5 Ci7-14650HX (16GB-1TB SSD) RTX 4050 6GB","Intel","Upper-Mid",16,1024
72,"Lenovo Legion Pro 5 Ultra 9-275HX (32GB-1TB SSD) RTX 5070 8GB",696999,745000,"6% OFF",NA,NA,"Lenovo","Ultra 9",NA,"Legion Pro 5 Ultra 9-275HX  RTX 5070 8GB",TRUE,"RTX",5070,"High","Ultra 9","Intel","High",32,1024
73,"ASUS TUF GAMING F15-FX507VV Ci7-13620H (16GB-512GB SSD) RTX 4060 8GB",359999,4e+05,"10% OFF",NA,NA,"Asus",NA,"16GB-512GB SSD","TUF GAMING F15-FX507VV Ci7-13620H  RTX 4060 8GB",TRUE,"RTX",4060,"Upper-Mid","ASUS TUF GAMING F15-FX507VV Ci7-13620H (16GB-512GB SSD) RTX 4060 8GB","Intel","Upper-Mid",16,16
74,"ASUS TUF GAMING A14 FA-401WU RYZEN AI 9 HX370 (32GB-1TB SSD) RTX 4050 6GB",501999,549000,"9% OFF",NA,NA,"Asus",NA,NA,"TUF GAMING A14 FA-401WU RYZEN AI 9 HX370  RTX 4050 6GB",TRUE,"RTX",4050,"Mid","ASUS TUF GAMING A14 FA-401WU RYZEN AI 9 HX370 (32GB-1TB SSD) RTX 4050 6GB",NA,NA,32,1024
75,"ASUS EXPERTBOOK B3402FBA Ci5 1235U (8GB-512GB SSD)",169999,230000,"26% OFF",NA,NA,"Asus",NA,"8GB-512GB SSD","EXPERTBOOK B3402FBA Ci5 1235U",FALSE,NA,NA,NA,"ASUS EXPERTBOOK B3402FBA Ci5 1235U (8GB-512GB SSD)","Intel","Mid",8,8
76,"Asus ExpertBook B3402FVA Ci7 1355U (16GB-512GB SSD)",209999,260000,"19% OFF",NA,NA,"Asus",NA,"16GB-512GB SSD","ExpertBook B3402FVA Ci7 1355U",FALSE,NA,NA,NA,"Asus ExpertBook B3402FVA Ci7 1355U (16GB-512GB SSD)","Intel","Upper-Mid",16,16
77,"Lenovo ThinkPad E16 G3 Ultra 7 255H (16GB-512GB SSD)",293999,340000,"14% OFF",NA,NA,"Lenovo","Ultra 7","16GB-512GB SSD","ThinkPad E16 G3 Ultra 7 255H",FALSE,NA,NA,NA,"Ultra 7","Intel","Upper-Mid",16,16
78,"Dell Alienware 16X Aurora AC16251 Ultra 9-275HX (16GB-1TB SSD) RTX 5070 8GB",645999,750000,"14% OFF",NA,NA,"Dell","Ultra 9",NA,"Alienware 16X Aurora AC16251 Ultra 9-275HX  RTX 5070 8GB",TRUE,"RTX",5070,"High","Ultra 9","Intel","High",16,1024
79,"HP 15 FD0647TU 13th Generation Ci5-1334U (8GB-512GB SSD)",139999,170000,"18% OFF",NA,NA,"Hp",NA,"8GB-512GB SSD","15 FD0647TU 13th Generation Ci5-1334U",FALSE,NA,NA,NA,"HP 15 FD0647TU 13th Generation Ci5-1334U (8GB-512GB SSD)","Intel","Mid",8,8
80,"HP OMNIBOOK X FLIP 16-AS0043DX ULTRA 9-288V (32GB-2TB SSD)",403999,445000,"9% OFF",NA,NA,"Hp",NA,NA,"OMNIBOOK X FLIP 16-AS0043DX ULTRA 9-288V",FALSE,NA,NA,NA,"HP OMNIBOOK X FLIP 16-AS0043DX ULTRA 9-288V (32GB-2TB SSD)",NA,NA,32,2048
81,"Lenovo ThinkPad E14 G4 14 Inches 12th Gen Core i7 DOS (8GB - 512GB)",230999,309999,"25% OFF",NA,NA,"Lenovo","Core i7",NA,"ThinkPad E14 G4 14 Inches 12th Gen Core i7 DOS",FALSE,NA,NA,NA,"Core i7","Intel","Upper-Mid",8,512
82,"HP ProBook 450 G9 15.6 Inches 12th Gen Core i5 DOS (8GB - 512GB)",199999,239999,"17% OFF",NA,NA,"Hp","Core i5",NA,"ProBook 450 G9 15.6 Inches 12th Gen Core i5 DOS",FALSE,NA,NA,NA,"Core i5","Intel","Mid",8,512
83,"HP ProBook 450 G9 15.6 Inches 12th Gen Core i5 Backlit Keyboard DOS",179999,210000,"14% OFF",5,1,"Hp","Core i5",NA,"ProBook 450 G9 15.6 Inches 12th Gen Core i5 Backlit Keyboard DOS",FALSE,NA,NA,NA,"Core i5","Intel","Mid",NA,NA
84,"HP ProBook 450 G9 15.6 Inches 12th Gen Core i7 DOS (8GB - 512GB) International",186999,259999,"28% OFF",NA,NA,"Hp","Core i7",NA,"ProBook 450 G9 15.6 Inches 12th Gen Core i7 DOS  International",FALSE,NA,NA,NA,"Core i7","Intel","Upper-Mid",8,512
85,"Lenovo Thinkbook 15 G2 1135G7 15.6 Inches 11th Gen Core i5 DOS (8GB - 1TB)",204999,219999,"7% OFF",NA,NA,"Lenovo","Core i5",NA,"Thinkbook 15 G2 1135G7 15.6 Inches 11th Gen Core i5 DOS",FALSE,NA,NA,NA,"Core i5","Intel","Mid",8,1024
86,"HP 15s FC0100AU 15.6 Inches AMD Ryzen 5 7520U Win 11 (8GB - 512GB)",191999,234999,"18% OFF",NA,NA,"Hp","Ryzen 5",NA,"15s FC0100AU 15.6 Inches AMD Ryzen 5 7520U Win 11",FALSE,NA,NA,NA,"Ryzen 5","AMD",NA,8,512
87,"Lenovo V15 G3-Ci5 12th (8GB 512GB SSD)",132999,199999,"34% OFF",NA,NA,"Lenovo",NA,"512GB SSD","V15 G3-Ci5 12th",FALSE,NA,NA,NA,"Lenovo V15 G3-Ci5 12th (8GB 512GB SSD)","Intel","Mid",512,512
88,"HP 250 G10 Raptor Lake 13th Gen Core i5 (8GB-512GB SSD)",148999,185000,"19% OFF",NA,NA,"Hp","Core i5","8GB-512GB SSD","250 G10 Raptor Lake 13th Gen Core i5",FALSE,NA,NA,NA,"Core i5","Intel","Mid",8,8
89,"HP Probook 450 G10 13th Gen Core i7 (8GB-512GB)",214999,240000,"10% OFF",NA,NA,"Hp","Core i7",NA,"Probook 450 G10 13th Gen Core i7",FALSE,NA,NA,NA,"Core i7","Intel","Upper-Mid",8,512
90,"Lenovo ThinkBook 16 Ci3-1305U (8GB-512GB SSD)",127999,2e+05,"36% OFF",NA,NA,"Lenovo",NA,"8GB-512GB SSD","ThinkBook 16 Ci3-1305U",FALSE,NA,NA,NA,"Lenovo ThinkBook 16 Ci3-1305U (8GB-512GB SSD)","Intel","Entry",8,8
91,"Lenovo ThinkbooK 14 13th Core i5",165488,2e+05,"17% OFF",NA,NA,"Lenovo","Core i5",NA,"ThinkbooK 14 13th Core i5",FALSE,NA,NA,NA,"Core i5","Intel","Mid",NA,NA
92,"Lenovo Thinkbook 14 14th Gen Core 7 8GB/512GB",225999,3e+05,"25% OFF",NA,NA,"Lenovo",NA,NA,"Thinkbook 14 14th Gen Core 7 8GB/512GB",FALSE,NA,NA,NA,"Lenovo Thinkbook 14 14th Gen Core 7 8GB/512GB","Intel",NA,NA,NA
93,"Lenovo V15 G4 Core i5 13th Generation",145999,150000,"3% OFF",NA,NA,"Lenovo","Core i5",NA,"V15 G4 Core i5 13th Generation",FALSE,NA,NA,NA,"Core i5","Intel","Mid",NA,NA
94,"HP EliteBook 640 G10 13th Gen Core i7 14 inches (16GB-512GB)",247999,3e+05,"17% OFF",NA,NA,"Hp","Core i7",NA,"EliteBook 640 G10 13th Gen Core i7 14 inches",FALSE,NA,NA,NA,"Core i7","Intel","Upper-Mid",16,512
95,"Lenovo Ideapad Slim 3 13th Gen Core i7 DOS(16GB-512GB)",168999,2e+05,"16% OFF",NA,NA,"Lenovo","Core i7",NA,"Ideapad Slim 3 13th Gen Core i7 DOS",FALSE,NA,NA,NA,"Core i7","Intel","Upper-Mid",16,512
96,"Lenovo ThinkPad E16 G1 14 Inches 13th Gen Core i5  (8GB - 512GB)",237999,250000,"5% OFF",NA,NA,"Lenovo","Core i5",NA,"ThinkPad E16 G1 14 Inches 13th Gen Core i5",FALSE,NA,NA,NA,"Core i5","Intel","Mid",8,512
97,"Lenovo ThinkPad E16 G1 15.6 Inches 13th Gen Core i5 (8GB - 512GB)",237999,250000,"5% OFF",NA,NA,"Lenovo","Core i5",NA,"ThinkPad E16 G1 15.6 Inches 13th Gen Core i5",FALSE,NA,NA,NA,"Core i5","Intel","Mid",8,512
98,"HP EliteBook 640 G10 13th Gen Core i5 14 inches (8GB-512GB)",199999,230000,"13% OFF",NA,NA,"Hp","Core i5",NA,"EliteBook 640 G10 13th Gen Core i5 14 inches",FALSE,NA,NA,NA,"Core i5","Intel","Mid",8,512
99,"HP ENVY x360 14 ES1023dx 14th Gen Core 7 (16GB-512GB)",233999,250000,"6% OFF",NA,NA,"Hp",NA,NA,"ENVY x360 14 ES1023dx 14th Gen Core 7",FALSE,NA,NA,NA,"HP ENVY x360 14 ES1023dx 14th Gen Core 7 (16GB-512GB)","Intel",NA,16,512
100,"HP Laptop 15-fd0356nia  Core™ i5 DOS (8GB-512GB)",141999,2e+05,"29% OFF",NA,NA,"Hp",NA,NA,"Laptop 15-fd0356nia  Core™ i5 DOS",FALSE,NA,NA,NA,"HP Laptop 15-fd0356nia  Core™ i5 DOS (8GB-512GB)","Intel","Mid",8,512
101,"Lenovo Yoga 7 2 in 1 16 - Intel Core Ultra 7 (16GB-1TB)",261999,370000,"29% OFF",NA,NA,"Lenovo","Ultra 7",NA,"Yoga 7 2 in 1 16 - Intel Core Ultra 7",FALSE,NA,NA,NA,"Ultra 7","Intel","Upper-Mid",16,1024
102,"Dell Latitude 3540 Ci5-1335U (8GB-256GB SSD)",171999,2e+05,"14% OFF",NA,NA,"Dell",NA,"8GB-256GB SSD","Latitude 3540 Ci5-1335U",FALSE,NA,NA,NA,"Dell Latitude 3540 Ci5-1335U (8GB-256GB SSD)","Intel","Mid",8,8
103,"Dell Inspiron 14-7440 CORE7 150U",221999,290000,"23% OFF",NA,NA,"Dell",NA,NA,"Inspiron 14-7440 CORE7 150U",FALSE,NA,NA,NA,"Dell Inspiron 14-7440 CORE7 150U",NA,NA,NA,NA
104,"ASUS EXPERTBOOK B1503CVA Ci7 1355U (16GB-512GB SSD)",181999,2e+05,"9% OFF",NA,NA,"Asus",NA,"16GB-512GB SSD","EXPERTBOOK B1503CVA Ci7 1355U",FALSE,NA,NA,NA,"ASUS EXPERTBOOK B1503CVA Ci7 1355U (16GB-512GB SSD)","Intel","Upper-Mid",16,16
105,"HP PROBOOK 440 G11 Ultra 5 125u",216999,235000,"8% OFF",NA,NA,"Hp","Ultra 5",NA,"PROBOOK 440 G11 Ultra 5 125u",FALSE,NA,NA,NA,"Ultra 5","Intel","Mid",NA,NA
106,"Lenovo ThinkBook 16 Ultra 7 255H (8GB-512GB SSD)",251999,280000,"10% OFF",NA,NA,"Lenovo","Ultra 7","8GB-512GB SSD","ThinkBook 16 Ultra 7 255H",FALSE,NA,NA,NA,"Ultra 7","Intel","Upper-Mid",8,8
107,"HP OMEN 16-AE0073CL Ci7-14650HX (32GB - 1TB) RTX-4060-8GB",433999,460000,"6% OFF",NA,NA,"Hp",NA,NA,"OMEN 16-AE0073CL Ci7-14650HX  RTX-4060-8GB",TRUE,"RTX",4060,"Upper-Mid","HP OMEN 16-AE0073CL Ci7-14650HX (32GB - 1TB) RTX-4060-8GB","Intel","Upper-Mid",32,1024
108,"ASUS ROG STRIX G614J 13TH CI7 13650HX (32GB-1TB SSD)",378999,399999,"5% OFF",NA,NA,"Asus",NA,NA,"ROG STRIX G614J 13TH CI7 13650HX",FALSE,NA,NA,NA,"ASUS ROG STRIX G614J 13TH CI7 13650HX (32GB-1TB SSD)",NA,NA,32,1024
109,"Dell Latitude 5450 14th Gen Core Ultra 7 (8GB-512GB SSD)",327999,369999,"11% OFF",NA,NA,"Dell","Ultra 7","8GB-512GB SSD","Latitude 5450 14th Gen Core Ultra 7",FALSE,NA,NA,NA,"Ultra 7","Intel","Upper-Mid",8,8
110,"DELL LATTITUDE 5550 14TH GEN Core Ultra 5 125U (8GB-512GB SSD)",304999,340000,"10% OFF",NA,NA,"Dell","Ultra 5","8GB-512GB SSD","LATTITUDE 5550 14TH GEN Core Ultra 5 125U",FALSE,NA,NA,NA,"Ultra 5","Intel","Mid",8,8
111,"Lenovo IdeaPad Slim 5 2in1 Core i513420H (16GB-512GB) DOS",221999,250000,"11% OFF",NA,NA,"Lenovo","Core i513420",NA,"IdeaPad Slim 5 2in1 Core i513420H  DOS",FALSE,NA,NA,NA,"Core i513420","Intel","Mid",16,512
112,"HP 15S FC0298AU Notebook AMD Ryzen 5 7430U",133999,140500,"5% OFF",5,1,"Hp","Ryzen 5",NA,"15S FC0298AU Notebook AMD Ryzen 5 7430U",FALSE,NA,NA,NA,"Ryzen 5","AMD",NA,NA,NA
113,"ASUS Zenbook 14 UX3405C Intel Core Ultra 9 285H (32GB-1TB SSD)",389999,499999,"22% OFF",NA,NA,"Asus","Ultra 9",NA,"Zenbook 14 UX3405C Intel Core Ultra 9 285H",FALSE,NA,NA,NA,"Ultra 9","Intel","High",32,1024
114,"HP OMNIBOOK  X Flip 16-AS0023DX Core Ultra 7 256V (16GB 1TB SSD)",259999,290000,"10% OFF",NA,NA,"Hp","Ultra 7",NA,"OMNIBOOK  X Flip 16-AS0023DX Core Ultra 7 256V",FALSE,NA,NA,NA,"Ultra 7","Intel","Upper-Mid",16,1024
115,"LENOVO LEGION PRO 5 Ci9-14900HX (32GB-1TB SSD) RTX 4070 8GB",629999,699999,"10% OFF",NA,NA,"Lenovo",NA,NA,"LEGION PRO 5 Ci9-14900HX  RTX 4070 8GB",TRUE,"RTX",4070,"High","LENOVO LEGION PRO 5 Ci9-14900HX (32GB-1TB SSD) RTX 4070 8GB","Intel","High",32,1024
116,"Lenovo Legion Pro 5 Ultra 7-255HX (32GB-1TB SSD) RTX 5060 8GB",622999,670000,"7% OFF",NA,NA,"Lenovo","Ultra 7",NA,"Legion Pro 5 Ultra 7-255HX  RTX 5060 8GB",TRUE,"RTX",5060,"High","Ultra 7","Intel","Upper-Mid",32,1024
117,"ASUS TUF GAMING F17 FX707VU Ci7-13620H (16GB-512GB SSD) RTX 4050 6GB",327999,375000,"13% OFF",NA,NA,"Asus",NA,"16GB-512GB SSD","TUF GAMING F17 FX707VU Ci7-13620H  RTX 4050 6GB",TRUE,"RTX",4050,"Mid","ASUS TUF GAMING F17 FX707VU Ci7-13620H (16GB-512GB SSD) RTX 4050 6GB","Intel","Upper-Mid",16,16
118,"ACER PREDATOR HELIOS 18 AI Core Ultra 9 275HX (64GB-1TB SSD) RTX 5080 16GB",995999,1050000,"5% OFF",NA,NA,"Acer","Ultra 9",NA,"PREDATOR HELIOS 18 AI Core Ultra 9 275HX  RTX 5080 16GB",TRUE,"RTX",5080,"High","Ultra 9","Intel","High",64,1024
119,"ASUS ROG STRIX G16 G615JMR Ci7 14650HX (16GB-1TB SSD) RTX 5060 8GB",449999,570000,"21% OFF",NA,NA,"Asus",NA,NA,"ROG STRIX G16 G615JMR Ci7 14650HX  RTX 5060 8GB",TRUE,"RTX",5060,"High","ASUS ROG STRIX G16 G615JMR Ci7 14650HX (16GB-1TB SSD) RTX 5060 8GB","Intel","Upper-Mid",16,1024
120,"Asus Expertbook B1403CVA Ci7 13620H (16GB-1TB SSD)",194999,245000,"20% OFF",NA,NA,"Asus",NA,NA,"Expertbook B1403CVA Ci7 13620H",FALSE,NA,NA,NA,"Asus Expertbook B1403CVA Ci7 13620H (16GB-1TB SSD)","Intel","Upper-Mid",16,1024
121,"Lenovo ThinkPad E14 G8 U5-225H (8GB-512GB SSD)",244999,3e+05,"18% OFF",NA,NA,"Lenovo",NA,"8GB-512GB SSD","ThinkPad E14 G8 U5-225H",FALSE,NA,NA,NA,"Lenovo ThinkPad E14 G8 U5-225H (8GB-512GB SSD)",NA,NA,8,8
122,"Lenovo ThinkPad T14 G6 Ultra 7 225U (16GB-512GB SSD)",414999,485000,"14% OFF",NA,NA,"Lenovo","Ultra 7","16GB-512GB SSD","ThinkPad T14 G6 Ultra 7 225U",FALSE,NA,NA,NA,"Ultra 7","Intel","Upper-Mid",16,16
123,"Acer Predator Helios Neo 16 AI PHN16-73-97SP Gaming Notebook (16GB-1TB SSD)",502999,599999,"16% OFF",NA,NA,"Acer",NA,NA,"Predator Helios Neo 16 AI PHN16-73-97SP Gaming Notebook",FALSE,NA,NA,NA,"Acer Predator Helios Neo 16 AI PHN16-73-97SP Gaming Notebook (16GB-1TB SSD)",NA,NA,16,1024
124,"ASUS TUF F16 FX608LM Ultra 9-275HX (32GB-1TB SSD) RTX 5060 8GB",549999,6e+05,"8% OFF",NA,NA,"Asus","Ultra 9",NA,"TUF F16 FX608LM Ultra 9-275HX  RTX 5060 8GB",TRUE,"RTX",5060,"High","Ultra 9","Intel","High",32,1024
125,"Asus VivoBook 15 x1504VA Ci5 1335U (8GB-512GB SSD)",149999,2e+05,"25% OFF",NA,NA,"Asus",NA,"8GB-512GB SSD","VivoBook 15 x1504VA Ci5 1335U",FALSE,NA,NA,NA,"Asus VivoBook 15 x1504VA Ci5 1335U (8GB-512GB SSD)","Intel","Mid",8,8
126,"Lenovo Legion 5 Ci9-14900HX (32GB-1TB SSD) RTX 5070 8GB",599999,650000,"8% OFF",NA,NA,"Lenovo",NA,NA,"Legion 5 Ci9-14900HX  RTX 5070 8GB",TRUE,"RTX",5070,"High","Lenovo Legion 5 Ci9-14900HX (32GB-1TB SSD) RTX 5070 8GB","Intel","High",32,1024
127,"HP Victus 15-FA2787NR Core i7-13620H Gaming Laptop (16GB-512GB SSD) RTX 5060 8GB",351999,380000,"7% OFF",NA,NA,"Hp","Core i7","16GB-512GB SSD","Victus 15-FA2787NR Core i7-13620H Gaming Laptop  RTX 5060 8GB",TRUE,"RTX",5060,"High","Core i7","Intel","Upper-Mid",16,16
128,"HP Victus 15-FA2209TX Ci7 14650HX (16GB-512GB SSD) RTX-4050-6GB",337999,390000,"13% OFF",NA,NA,"Hp",NA,"16GB-512GB SSD","Victus 15-FA2209TX Ci7 14650HX  RTX-4050-6GB",TRUE,"RTX",4050,"Mid","HP Victus 15-FA2209TX Ci7 14650HX (16GB-512GB SSD) RTX-4050-6GB","Intel","Upper-Mid",16,16
129,"Apple Macbook Air 13 MW0W3 M4",286999,299999,"4% OFF",NA,NA,"Apple","M4",NA,"Macbook Air 13 MW0W3 M4",FALSE,NA,NA,NA,"M4","Apple","High",NA,NA
130,"Lenovo Thinkbook 15 G2 15.6 Inches 11th Gen Core i7 DOS (8GB - 256GB)",176999,249999,"29% OFF",NA,NA,"Lenovo","Core i7",NA,"Thinkbook 15 G2 15.6 Inches 11th Gen Core i7 DOS",FALSE,NA,NA,NA,"Core i7","Intel","Upper-Mid",8,256
131,"Lenovo Thinkbook 15 G2 15.6 Inches 11th Gen Core i7 DOS (8GB - 1TB)",202999,254999,"20% OFF",NA,NA,"Lenovo","Core i7",NA,"Thinkbook 15 G2 15.6 Inches 11th Gen Core i7 DOS",FALSE,NA,NA,NA,"Core i7","Intel","Upper-Mid",8,1024
132,"Lenovo ThinkPad X1 Carbon G12 Ultra 7 (32GB-512GB SSD)",549999,609999,"10% OFF",NA,NA,"Lenovo","Ultra 7","32GB-512GB SSD","ThinkPad X1 Carbon G12 Ultra 7",FALSE,NA,NA,NA,"Ultra 7","Intel","Upper-Mid",32,32
133,"HP Pavilion 15 EG3020TX 15.6 Inches 13th Gen Core i7 Win 11 (16GB - 512GB)",339999,369999,"8% OFF",NA,NA,"Hp","Core i7",NA,"Pavilion 15 EG3020TX 15.6 Inches 13th Gen Core i7 Win 11",FALSE,NA,NA,NA,"Core i7","Intel","Upper-Mid",16,512
134,"HP VICTUS 15-FA2093DX Ci7-13620H (16GB-1TB SSD) RTX 5060 8GB",357999,539999,"34% OFF",NA,NA,"Hp",NA,NA,"VICTUS 15-FA2093DX Ci7-13620H  RTX 5060 8GB",TRUE,"RTX",5060,"High","HP VICTUS 15-FA2093DX Ci7-13620H (16GB-1TB SSD) RTX 5060 8GB","Intel","Upper-Mid",16,1024
135,"Lenovo Ideapad Slim 3 13th Gen Core i3 DOS",101999,129999,"22% OFF",NA,NA,"Lenovo","Core i3",NA,"Ideapad Slim 3 13th Gen Core i3 DOS",FALSE,NA,NA,NA,"Core i3","Intel","Entry",NA,NA
136,"ASUS EXPERTBOOK B1503CVA Ci5-1334U (16GB -512GB SSD)",153999,2e+05,"23% OFF",NA,NA,"Asus",NA,"16GB -512GB SSD","EXPERTBOOK B1503CVA Ci5-1334U",FALSE,NA,NA,NA,"ASUS EXPERTBOOK B1503CVA Ci5-1334U (16GB -512GB SSD)","Intel","Mid",16,16
137,"ASUS TUF FX507VV-Ci7-13620H (16GB 1TB) RTX 4060 8GB",356999,4e+05,"11% OFF",NA,NA,"Asus",NA,NA,"TUF FX507VV-Ci7-13620H  RTX 4060 8GB",TRUE,"RTX",4060,"Upper-Mid","ASUS TUF FX507VV-Ci7-13620H (16GB 1TB) RTX 4060 8GB","Intel","Upper-Mid",16,1024
138,"Lenovo Thinkbook 16 14th Core 7 (8GB-512GB SSD)",229999,350000,"34% OFF",NA,NA,"Lenovo",NA,"8GB-512GB SSD","Thinkbook 16 14th Core 7",FALSE,NA,NA,NA,"Lenovo Thinkbook 16 14th Core 7 (8GB-512GB SSD)","Intel",NA,8,8
139,"Lenovo ThinkPad E16 G1 15.6 Inches 13th Gen Core i7 (16GB - 512GB)",254999,3e+05,"15% OFF",NA,NA,"Lenovo","Core i7",NA,"ThinkPad E16 G1 15.6 Inches 13th Gen Core i7",FALSE,NA,NA,NA,"Core i7","Intel","Upper-Mid",16,512
140,"Lenovo ThinkPad E14 G5 13th Gen Core i5 1335u (8GB-512GB)",243999,290000,"16% OFF",NA,NA,"Lenovo","Core i5",NA,"ThinkPad E14 G5 13th Gen Core i5 1335u",FALSE,NA,NA,NA,"Core i5","Intel","Mid",8,512
141,"HP ProBook 460 G11 | Intel® Core™ Ultra 5 (16GB-512GB)",197999,250000,"21% OFF",NA,NA,"Hp","Ultra 5",NA,"ProBook 460 G11 | Intel® Core™ Ultra 5",FALSE,NA,NA,NA,"Ultra 5","Intel","Mid",16,512
142,"HP 15-FD0336TU Ci5-1334U (8GB-512GB SSD)",144999,190000,"24% OFF",NA,NA,"Hp",NA,"8GB-512GB SSD","15-FD0336TU Ci5-1334U",FALSE,NA,NA,NA,"HP 15-FD0336TU Ci5-1334U (8GB-512GB SSD)","Intel","Mid",8,8
143,"Dell Vostro 15 3530 Laptop Core™ i7-1355U (16GB-512GB)",172999,240000,"28% OFF",NA,NA,"Dell",NA,NA,"Vostro 15 3530 Laptop Core™ i7-1355U",FALSE,NA,NA,NA,"Dell Vostro 15 3530 Laptop Core™ i7-1355U (16GB-512GB)","Intel","Upper-Mid",16,512
144,"Lenovo ThinkBook16 Ultra 5 225U (16GB-512GB SSD)",212999,230000,"7% OFF",NA,NA,"Lenovo","Ultra 5","16GB-512GB SSD","ThinkBook16 Ultra 5 225U",FALSE,NA,NA,NA,"Ultra 5","Intel","Mid",16,16
145,"Lenovo Ideapad 5 13th Gen Core I7 DOS",198999,250000,"20% OFF",NA,NA,"Lenovo",NA,NA,"Ideapad 5 13th Gen Core I7 DOS",FALSE,NA,NA,NA,"Lenovo Ideapad 5 13th Gen Core I7 DOS","Intel",NA,NA,NA
146,"Lenovo Thinkbook 15G2 11th Gen Core I7 D0S",181999,2e+05,"9% OFF",NA,NA,"Lenovo",NA,NA,"Thinkbook 15G2 11th Gen Core I7 D0S",FALSE,NA,NA,NA,"Lenovo Thinkbook 15G2 11th Gen Core I7 D0S","Intel",NA,NA,NA
147,"HP Probook 450 G9 12th Gen Core i7 DOS",186999,250000,"25% OFF",NA,NA,"Hp","Core i7",NA,"Probook 450 G9 12th Gen Core i7 DOS",FALSE,NA,NA,NA,"Core i7","Intel","Upper-Mid",NA,NA
148,"HP Probook 440 G10 13th Gen Core i7 DOS",221999,280000,"21% OFF",NA,NA,"Hp","Core i7",NA,"Probook 440 G10 13th Gen Core i7 DOS",FALSE,NA,NA,NA,"Core i7","Intel","Upper-Mid",NA,NA
149,"Dell Inspiron 15 3530 13th Gen Core i5 1334u",143999,2e+05,"28% OFF",NA,NA,"Dell","Core i5",NA,"Inspiron 15 3530 13th Gen Core i5 1334u",FALSE,NA,NA,NA,"Core i5","Intel","Mid",NA,NA
150,"LENOVO LOQ 15 15IRX9 Core i5 13th Gen",261999,275000,"5% OFF",NA,NA,"Lenovo","Core i5",NA,"LOQ 15 15IRX9 Core i5 13th Gen",FALSE,NA,NA,NA,"Core i5","Intel","Mid",NA,NA
151,"Apple MacBook Air MRXW3 M3 Chip",352999,4e+05,"12% OFF",NA,NA,"Apple","M3",NA,"MacBook Air MRXW3 M3 Chip",FALSE,NA,NA,NA,"M3","Apple","High",NA,NA
152,"Infinix GTBOOK 13th Generation Core i9 13900H 1TB-32GB",422500,442999,"5% OFF",NA,NA,"Infinix","Core i9",NA,"GTBOOK 13th Generation Core i9 13900H 1TB-32GB",FALSE,NA,NA,NA,"Core i9","Intel","High",NA,NA
153,"Dell Inspiron 16 5640 Intel Core 7-150U (16GB-1TB SSD)",235999,264999,"11% OFF",NA,NA,"Dell",NA,NA,"Inspiron 16 5640 Intel Core 7-150U",FALSE,NA,NA,NA,"Dell Inspiron 16 5640 Intel Core 7-150U (16GB-1TB SSD)","Intel",NA,16,1024
154,"Lenovo Thinkbook 14 G7 14th Gen Core Ultra 5 125U (8GB DDR5 512GB SSD)",195999,199999,"2% OFF",NA,NA,"Lenovo","Ultra 5","512GB SSD","Thinkbook 14 G7 14th Gen Core Ultra 5 125U",FALSE,NA,NA,NA,"Ultra 5","Intel","Mid",512,512
155,"Lenovo Thinkbook 14 G7 14TH GEN Core Ultra 7 155H (8GB-512GB SSD)",235999,239999,"2% OFF",NA,NA,"Lenovo","Ultra 7","8GB-512GB SSD","Thinkbook 14 G7 14TH GEN Core Ultra 7 155H",FALSE,NA,NA,NA,"Ultra 7","Intel","Upper-Mid",8,8
156,"Lenovo Thinkbook 16 G7 14TH GEN Core Ultra 5 125U (8GB-512GB SSD)",199999,NA,NA,NA,NA,"Lenovo","Ultra 5","8GB-512GB SSD","Thinkbook 16 G7 14TH GEN Core Ultra 5 125U",FALSE,NA,NA,NA,"Ultra 5","Intel","Mid",8,8
157,"Lenovo ThinkPad E14 G6 Intel Core Ultra 5 125U (8GB-512GB SSD)",242999,250000,"3% OFF",NA,NA,"Lenovo","Ultra 5","8GB-512GB SSD","ThinkPad E14 G6 Intel Core Ultra 5 125U",FALSE,NA,NA,NA,"Ultra 5","Intel","Mid",8,8
158,"Acer Nitro V15 13th Gen Core i9 13900H (16GB-512GB SSD)",312999,325000,"4% OFF",NA,NA,"Acer","Core i9","16GB-512GB SSD","Nitro V15 13th Gen Core i9 13900H",FALSE,NA,NA,NA,"Core i9","Intel","High",16,16
159,"Apple Macbook Pro M3 A2918 (8GB-512GB SSD)",494999,6e+05,"18% OFF",NA,NA,"Apple","M3","8GB-512GB SSD","Macbook Pro M3 A2918",FALSE,NA,NA,NA,"M3","Apple","High",8,8
160,"Lenovo IdeaPad Slim 3 Ryzen 3 7320U DOS (8GB-256GB SSD)",99999,114999,"13% OFF",5,2,"Lenovo","Ryzen 3","8GB-256GB SSD","IdeaPad Slim 3 Ryzen 3 7320U DOS",FALSE,NA,NA,NA,"Ryzen 3","AMD",NA,8,8
161,"Lenovo IdeaPad Slim 5 Core i7 13620H DOS (16GB-512GB SSD)",209999,229999,"9% OFF",NA,NA,"Lenovo","Core i7","16GB-512GB SSD","IdeaPad Slim 5 Core i7 13620H DOS",FALSE,NA,NA,NA,"Core i7","Intel","Upper-Mid",16,16
162,"ASUS ExpertBook B1502CV 13th Gen Core i5 1355U (8GB-512GB SSD)",151999,179999,"16% OFF",NA,NA,"Asus","Core i5","8GB-512GB SSD","ExpertBook B1502CV 13th Gen Core i5 1355U",FALSE,NA,NA,NA,"Core i5","Intel","Mid",8,8
163,"Lenovo Yoga 9 Intel Core Ultra 7 (16GB-1TB SSD)",396999,449999,"12% OFF",NA,NA,"Lenovo","Ultra 7",NA,"Yoga 9 Intel Core Ultra 7",FALSE,NA,NA,NA,"Ultra 7","Intel","Upper-Mid",16,1024
164,"Lenovo Legion Pro 7 Ultra 9 275HX (64GB-2TB SSD) RTX 5080 16GB 240Hz",1451999,1499900,"3% OFF",NA,NA,"Lenovo","Ultra 9",NA,"Legion Pro 7 Ultra 9 275HX  RTX 5080 16GB 240Hz",TRUE,"RTX",5080,"High","Ultra 9","Intel","High",64,2048
165,"Lenovo Legion Pro 7 Ultra 9 275HX (64GB-2TB SSD) RTX 5090 24GB 240Hz",1552999,1599900,"3% OFF",NA,NA,"Lenovo","Ultra 9",NA,"Legion Pro 7 Ultra 9 275HX  RTX 5090 24GB 240Hz",TRUE,"RTX",5090,"High","Ultra 9","Intel","High",64,2048
166,"HP Victus 15-FB3093DX AMD Ryzen 7-7445H (16GB-512GB SSD) RTX 4050 6GB",247999,285000,"13% OFF",NA,NA,"Hp","Ryzen 7","16GB-512GB SSD","Victus 15-FB3093DX AMD Ryzen 7-7445H  RTX 4050 6GB",TRUE,"RTX",4050,"Mid","Ryzen 7","AMD",NA,16,16
167,"HP Victus 16-R0042NE Ci7-13700H (16GB-1TB SSD) RTX™ 4060 8GB",327999,375000,"13% OFF",NA,NA,"Hp",NA,NA,"Victus 16-R0042NE Ci7-13700H  RTX™ 4060 8GB",TRUE,"RTX",NA,NA,"HP Victus 16-R0042NE Ci7-13700H (16GB-1TB SSD) RTX™ 4060 8GB","Intel","Upper-Mid",16,1024
168,"Dell 15 DC15250 Ci5-1334U (8GB-512GB SSD)",147999,2e+05,"26% OFF",NA,NA,"Dell",NA,"8GB-512GB SSD","15 DC15250 Ci5-1334U",FALSE,NA,NA,NA,"Dell 15 DC15250 Ci5-1334U (8GB-512GB SSD)","Intel","Mid",8,8
169,"Apple MacBook Air MC6T4 M4 Chip",286999,299999,"4% OFF",NA,NA,"Apple","M4",NA,"MacBook Air MC6T4 M4 Chip",FALSE,NA,NA,NA,"M4","Apple","High",NA,NA
170,"Lenovo LOQ 15 Ryzen 5 7235HS (12GB-512GB SSD) RTX 4050 6GB",226999,255000,"11% OFF",NA,NA,"Lenovo","Ryzen 5","12GB-512GB SSD","LOQ 15 Ryzen 5 7235HS  RTX 4050 6GB",TRUE,"RTX",4050,"Mid","Ryzen 5","AMD",NA,12,12
171,"Lenovo V15 G3 15. 6 Inches 12th Gen Core i3 DOS (4GB - 256GB SSD)",125499,149999,"16% OFF",NA,NA,"Lenovo","Core i3","4GB - 256GB SSD","V15 G3 15. 6 Inches 12th Gen Core i3 DOS",FALSE,NA,NA,NA,"Core i3","Intel","Entry",4,4
172,"Lenovo ThinkPad E14 G4 14 Inches 12th Gen Core i5 DOS (8GB - 512GB)",229999,260000,"12% OFF",NA,NA,"Lenovo","Core i5",NA,"ThinkPad E14 G4 14 Inches 12th Gen Core i5 DOS",FALSE,NA,NA,NA,"Core i5","Intel","Mid",8,512
173,"Lenovo V15 G3 15.6 Inches 12th Gen Core i7 DOS (8GB - 512GB)",181999,249999,"27% OFF",NA,NA,"Lenovo","Core i7",NA,"V15 G3 15.6 Inches 12th Gen Core i7 DOS",FALSE,NA,NA,NA,"Core i7","Intel","Upper-Mid",8,512
174,"Lenovo V15 G3 15.6 Inches 12th Gen Core i5 DOS (4GB - 256GB)",179999,199999,"10% OFF",NA,NA,"Lenovo","Core i5",NA,"V15 G3 15.6 Inches 12th Gen Core i5 DOS",FALSE,NA,NA,NA,"Core i5","Intel","Mid",4,256
175,"HP ProBook 440 G10 Core i7 (8GB-512GB NVMe SSD)",220999,260000,"15% OFF",NA,NA,"Hp","Core i7",NA,"ProBook 440 G10 Core i7",FALSE,NA,NA,NA,"Core i7","Intel","Upper-Mid",8,512
176,"Apple Macbook Pro MRX33 M3 Pro 14.2 (18GB-512GB)",544999,6e+05,"9% OFF",5,3,"Apple","M3",NA,"Macbook Pro MRX33 M3 Pro 14.2",FALSE,NA,NA,NA,"M3","Apple","High",18,512
177,"Apple MacBook Pro 14.2” MTL83 (8GB-1TB)",494999,515000,"4% OFF",NA,NA,"Apple",NA,NA,"MacBook Pro 14.2” MTL83",FALSE,NA,NA,NA,"Apple MacBook Pro 14.2” MTL83 (8GB-1TB)",NA,NA,8,1024
178,"Apple Macbook Pro 14 MTL73 (8GB-512GB)",452999,5e+05,"9% OFF",NA,NA,"Apple",NA,NA,"Macbook Pro 14 MTL73",FALSE,NA,NA,NA,"Apple Macbook Pro 14 MTL73 (8GB-512GB)",NA,NA,8,512
179,"HP 250 G10 Raptor Lake 13th Gen Core i7 (8GB-512GB)",187999,209999,"10% OFF",5,1,"Hp","Core i7",NA,"250 G10 Raptor Lake 13th Gen Core i7",FALSE,NA,NA,NA,"Core i7","Intel","Upper-Mid",8,512
180,"HP Pavilion x360 14 EK1056TU  Core i7 (16GB-1TB)",261999,330000,"21% OFF",NA,NA,"Hp","Core i7",NA,"Pavilion x360 14 EK1056TU  Core i7",FALSE,NA,NA,NA,"Core i7","Intel","Upper-Mid",16,1024
181,"Lenovo V15 G4 Core i3 13th Gen",110999,2e+05,"45% OFF",NA,NA,"Lenovo","Core i3",NA,"V15 G4 Core i3 13th Gen",FALSE,NA,NA,NA,"Core i3","Intel","Entry",NA,NA
182,"LENOVO THINBOOK 16 13TH CI5 8GB/256GB 16INCH",166000,2e+05,"17% OFF",NA,NA,"Lenovo",NA,NA,"THINBOOK 16 13TH CI5 8GB/256GB 16INCH",FALSE,NA,NA,NA,"LENOVO THINBOOK 16 13TH CI5 8GB/256GB 16INCH",NA,NA,NA,NA
183,"Lenovo V15 G4 Core i7 13th Gen (8GB-512GB)",184999,250000,"26% OFF",NA,NA,"Lenovo","Core i7",NA,"V15 G4 Core i7 13th Gen",FALSE,NA,NA,NA,"Core i7","Intel","Upper-Mid",8,512
184,"HP 250 G10 13th Gen Core i3 DOS",107499,120000,"10% OFF",5,1,"Hp","Core i3",NA,"250 G10 13th Gen Core i3 DOS",FALSE,NA,NA,NA,"Core i3","Intel","Entry",NA,NA
185,"HP VICTUS 15-FA2701WM Ci5-13420H (16GB -512GB) RTX-4050-6GB",234999,3e+05,"22% OFF",NA,NA,"Hp",NA,NA,"VICTUS 15-FA2701WM Ci5-13420H  RTX-4050-6GB",TRUE,"RTX",4050,"Mid","HP VICTUS 15-FA2701WM Ci5-13420H (16GB -512GB) RTX-4050-6GB","Intel","Mid",16,512
186,"HP ProBook 460 G11 Ultra 7 155U",229999,3e+05,"23% OFF",NA,NA,"Hp","Ultra 7",NA,"ProBook 460 G11 Ultra 7 155U",FALSE,NA,NA,NA,"Ultra 7","Intel","Upper-Mid",NA,NA
187,"HP ProBook 460 G11 Intel Core Ultra 5 125U (8GB-512GB)",194999,280000,"30% OFF",NA,NA,"Hp","Ultra 5",NA,"ProBook 460 G11 Intel Core Ultra 5 125U",FALSE,NA,NA,NA,"Ultra 5","Intel","Mid",8,512
188,"HP EliteBook 640 G11 14 Ultra 7 155U (8GB-512GB)",293999,370000,"21% OFF",NA,NA,"Hp","Ultra 7",NA,"EliteBook 640 G11 14 Ultra 7 155U",FALSE,NA,NA,NA,"Ultra 7","Intel","Upper-Mid",8,512
189,"HP Elitebook 660 G11 U7 | Intel® Core™ Ultra 7 155U (8GB-512GB)",302999,370000,"18% OFF",NA,NA,"Hp","Ultra 7",NA,"Elitebook 660 G11 U7 | Intel® Core™ Ultra 7 155U",FALSE,NA,NA,NA,"Ultra 7","Intel","Upper-Mid",8,512
190,"LENOVO LEGION PRO 5 Ci7-14650HX (16GB-1TB) RTX-4060-8GB",469999,495000,"5% OFF",NA,NA,"Lenovo",NA,NA,"LEGION PRO 5 Ci7-14650HX  RTX-4060-8GB",TRUE,"RTX",4060,"Upper-Mid","LENOVO LEGION PRO 5 Ci7-14650HX (16GB-1TB) RTX-4060-8GB","Intel","Upper-Mid",16,1024
191,"HP 250 G9 12th Gen Core i7 DOS",174999,2e+05,"13% OFF",NA,NA,"Hp","Core i7",NA,"250 G9 12th Gen Core i7 DOS",FALSE,NA,NA,NA,"Core i7","Intel","Upper-Mid",NA,NA
192,"HP 15-FD0229NIA Ci7-1355U (8GB-512GB SSD) 15.6 FHD",177999,2e+05,"11% OFF",NA,NA,"Hp",NA,"8GB-512GB SSD","15-FD0229NIA Ci7-1355U  15.6 FHD",FALSE,NA,NA,NA,"HP 15-FD0229NIA Ci7-1355U (8GB-512GB SSD) 15.6 FHD","Intel","Upper-Mid",8,8
193,"HP Elitebook 650 G10 13th Gen Core I5 1335U",242999,3e+05,"19% OFF",NA,NA,"Hp",NA,NA,"Elitebook 650 G10 13th Gen Core I5 1335U",FALSE,NA,NA,NA,"HP Elitebook 650 G10 13th Gen Core I5 1335U","Intel",NA,NA,NA
194,"ASUS EXPERTBOOK B1403CVA Ci7-1355U (16GB -512GB SSD)",181999,230000,"21% OFF",NA,NA,"Asus",NA,"16GB -512GB SSD","EXPERTBOOK B1403CVA Ci7-1355U",FALSE,NA,NA,NA,"ASUS EXPERTBOOK B1403CVA Ci7-1355U (16GB -512GB SSD)","Intel","Upper-Mid",16,16
195,"HP Elitebook 660 G11 Ultra 5 125U",252999,275000,"8% OFF",NA,NA,"Hp","Ultra 5",NA,"Elitebook 660 G11 Ultra 5 125U",FALSE,NA,NA,NA,"Ultra 5","Intel","Mid",NA,NA
196,"Apple MacBook Air MXCV3 M3 8-Core Chip",412999,450000,"8% OFF",NA,NA,"Apple","M3",NA,"MacBook Air MXCV3 M3 8-Core Chip",FALSE,NA,NA,NA,"M3","Apple","High",NA,NA
197,"Acer Nitro V15 - Ci5-13420H (16GB-512GB) RTX 4050 6GB",247999,275000,"10% OFF",NA,NA,"Acer",NA,NA,"Nitro V15 - Ci5-13420H  RTX 4050 6GB",TRUE,"RTX",4050,"Mid","Acer Nitro V15 - Ci5-13420H (16GB-512GB) RTX 4050 6GB","Intel","Mid",16,512
198,"Acer Nitro V15 13th Gen Core i9 13900H (16GB-512GB SSD) RTX 4060 8GB Graphics",354999,NA,NA,NA,NA,"Acer","Core i9","16GB-512GB SSD","Nitro V15 13th Gen Core i9 13900H  RTX 4060 8GB Graphics",TRUE,"RTX",4060,"Upper-Mid","Core i9","Intel","High",16,16
199,"Acer Nitro V16 14th Gen Core i7 14650HX (16GB-512GB SSD)",349999,415999,"16% OFF",NA,NA,"Acer","Core i7","16GB-512GB SSD","Nitro V16 14th Gen Core i7 14650HX",FALSE,NA,NA,NA,"Core i7","Intel","Upper-Mid",16,16
200,"Dell Latitude 5440 13TH GEN CORE i7 1355U (8GB-512GB SSD)",344999,370000,"7% OFF",NA,NA,"Dell",NA,"8GB-512GB SSD","Latitude 5440 13TH GEN CORE i7 1355U",FALSE,NA,NA,NA,"Dell Latitude 5440 13TH GEN CORE i7 1355U (8GB-512GB SSD)",NA,"Upper-Mid",8,8
201,"LENOVO THINKPAD E14 G6 14TH Intel Core Ultra 7 155H (16GB-512GB SSD)",283999,299999,"5% OFF",NA,NA,"Lenovo","Ultra 7","16GB-512GB SSD","THINKPAD E14 G6 14TH Intel Core Ultra 7 155H",FALSE,NA,NA,NA,"Ultra 7","Intel","Upper-Mid",16,16
202,"LENOVO THINKPAD T14 14TH GEN Intel Core Ultra 7 155U (16GB-512GB SSD)",400999,420000,"5% OFF",NA,NA,"Lenovo","Ultra 7","16GB-512GB SSD","THINKPAD T14 14TH GEN Intel Core Ultra 7 155U",FALSE,NA,NA,NA,"Ultra 7","Intel","Upper-Mid",16,16
203,"LENOVO THINKPAD T14 14TH GEN Intel Core Ultra 7 155U (32GB-512GB SSD)",430999,450000,"4% OFF",NA,NA,"Lenovo","Ultra 7","32GB-512GB SSD","THINKPAD T14 14TH GEN Intel Core Ultra 7 155U",FALSE,NA,NA,NA,"Ultra 7","Intel","Upper-Mid",32,32
204,"HP OMNIBOOK 14 FP0013DX Core 5 120U (8GB-512GB)",167999,220000,"24% OFF",NA,NA,"Hp",NA,NA,"OMNIBOOK 14 FP0013DX Core 5 120U",FALSE,NA,NA,NA,"HP OMNIBOOK 14 FP0013DX Core 5 120U (8GB-512GB)","Intel",NA,8,512
205,"Lenovo loq 15 13th Core i5 13450hx (24GB-512GB) DOS",266999,285000,"6% OFF",NA,NA,"Lenovo","Core i5",NA,"loq 15 13th Core i5 13450hx  DOS",FALSE,NA,NA,NA,"Core i5","Intel","Mid",24,512
206,"Apple MacBook Air 15 MW1K3 M4 Chip",450999,460000,"2% OFF",NA,NA,"Apple","M4",NA,"MacBook Air 15 MW1K3 M4 Chip",FALSE,NA,NA,NA,"M4","Apple","High",NA,NA
207,"Dell Latitude 3550 Raptor Lake 13th Gen Core i5 1335U (8GB-512GB SSD)",184999,219999,"16% OFF",NA,NA,"Dell","Core i5","8GB-512GB SSD","Latitude 3550 Raptor Lake 13th Gen Core i5 1335U",FALSE,NA,NA,NA,"Core i5","Intel","Mid",8,8
208,"LENOVO LOQ 15 Ci5 13450HX",261999,310000,"15% OFF",NA,NA,"Lenovo",NA,NA,"LOQ 15 Ci5 13450HX",FALSE,NA,NA,NA,"LENOVO LOQ 15 Ci5 13450HX","Intel","Mid",NA,NA
209,"HP OmniBook Ultra Flip 14-FH0030CA Core Ultra 7 256V (16GB 1TB SSD)",416999,450000,"7% OFF",NA,NA,"Hp","Ultra 7",NA,"OmniBook Ultra Flip 14-FH0030CA Core Ultra 7 256V",FALSE,NA,NA,NA,"Ultra 7","Intel","Upper-Mid",16,1024
210,"Lenovo ThinkPad X1 Carbon G13 Ultra 7 256V (32GB-512GB SSD)",659999,726000,"9% OFF",NA,NA,"Lenovo","Ultra 7","32GB-512GB SSD","ThinkPad X1 Carbon G13 Ultra 7 256V",FALSE,NA,NA,NA,"Ultra 7","Intel","Upper-Mid",32,32
211,"HP VICTUS 15-FA2013DX Ci5-13420H (8GB 512GB SSD) RTX 3050 6GB",195999,249900,"22% OFF",NA,NA,"Hp",NA,"512GB SSD","VICTUS 15-FA2013DX Ci5-13420H  RTX 3050 6GB",TRUE,"RTX",3050,"Mid","HP VICTUS 15-FA2013DX Ci5-13420H (8GB 512GB SSD) RTX 3050 6GB","Intel","Mid",512,512
212,"HP VICTUS 15-FA2701WM Ci5-13420H (16GB-512GB SSD) RTX 4050 6GB",233999,275999,"15% OFF",NA,NA,"Hp",NA,"16GB-512GB SSD","VICTUS 15-FA2701WM Ci5-13420H  RTX 4050 6GB",TRUE,"RTX",4050,"Mid","HP VICTUS 15-FA2701WM Ci5-13420H (16GB-512GB SSD) RTX 4050 6GB","Intel","Mid",16,16
213,"ACER PREDATOR HELIOS 16 AI Core Ultra 9 275HX (32GB-1TB SSD) RTX 5070Ti 12GB",684999,724000,"5% OFF",NA,NA,"Acer","Ultra 9",NA,"PREDATOR HELIOS 16 AI Core Ultra 9 275HX  RTX 5070Ti 12GB",TRUE,"RTX",5070,"High","Ultra 9","Intel","High",32,1024
214,"ASUS EXPERTBOOK B1403CVA Ci5 1334U (16GB-512GB SSD)",153999,2e+05,"23% OFF",NA,NA,"Asus",NA,"16GB-512GB SSD","EXPERTBOOK B1403CVA Ci5 1334U",FALSE,NA,NA,NA,"ASUS EXPERTBOOK B1403CVA Ci5 1334U (16GB-512GB SSD)","Intel","Mid",16,16
215,"Lenovo ThinkPad E14 G8 U7-255H (16GB-512GB SSD)",289999,350000,"17% OFF",NA,NA,"Lenovo",NA,"16GB-512GB SSD","ThinkPad E14 G8 U7-255H",FALSE,NA,NA,NA,"Lenovo ThinkPad E14 G8 U7-255H (16GB-512GB SSD)",NA,NA,16,16
216,"Lenovo ThinkPad E16 G3 Ultra 5 225U (8GB-512GB SSD)",224999,3e+05,"25% OFF",NA,NA,"Lenovo","Ultra 5","8GB-512GB SSD","ThinkPad E16 G3 Ultra 5 225U",FALSE,NA,NA,NA,"Ultra 5","Intel","Mid",8,8
217,"Dell Alienware Aurora 16 Core 7 240H (16GB-512GB SSD) RTX 5050 8GB",349999,4e+05,"13% OFF",NA,NA,"Dell",NA,"16GB-512GB SSD","Alienware Aurora 16 Core 7 240H  RTX 5050 8GB",TRUE,"RTX",5050,"High","Dell Alienware Aurora 16 Core 7 240H (16GB-512GB SSD) RTX 5050 8GB","Intel",NA,16,16
218,"Dell Latitude 3550 Ultra 5-125U (8GB-512GB SSD)",197999,250000,"21% OFF",NA,NA,"Dell","Ultra 5","8GB-512GB SSD","Latitude 3550 Ultra 5-125U",FALSE,NA,NA,NA,"Ultra 5","Intel","Mid",8,8
219,"Asus VivoBook 16 M1605YA Ryzen 7-7730U (8GB-512GB SSD)",179999,215000,"16% OFF",NA,NA,"Asus","M1","8GB-512GB SSD","VivoBook 16 M1605YA Ryzen 7-7730U",FALSE,NA,NA,NA,"M1","Apple","Mid",8,8
220,"Dell Alienware 16 Aurora Core 7-240H (32GB-1TB SSD) RTX 5060 8GB",440999,480000,"8% OFF",NA,NA,"Dell",NA,NA,"Alienware 16 Aurora Core 7-240H  RTX 5060 8GB",TRUE,"RTX",5060,"High","Dell Alienware 16 Aurora Core 7-240H (32GB-1TB SSD) RTX 5060 8GB","Intel",NA,32,1024
221,"HP OmniBook 5 16-AF1067ST Ultra 7-255U (16GB-1TB SSD)",239999,280000,"14% OFF",NA,NA,"Hp","Ultra 7",NA,"OmniBook 5 16-AF1067ST Ultra 7-255U",FALSE,NA,NA,NA,"Ultra 7","Intel","Upper-Mid",16,1024
222,"HP Victus 15-FA2317TX Ci7-13620H (16GB-512GB SSD) RTX 4050 6GB",301999,350000,"14% OFF",NA,NA,"Hp",NA,"16GB-512GB SSD","Victus 15-FA2317TX Ci7-13620H  RTX 4050 6GB",TRUE,"RTX",4050,"Mid","HP Victus 15-FA2317TX Ci7-13620H (16GB-512GB SSD) RTX 4050 6GB","Intel","Upper-Mid",16,16
223,"Apple Macbook Air 13 MW0Y3 M4",286999,299999,"4% OFF",NA,NA,"Apple","M4",NA,"Macbook Air 13 MW0Y3 M4",FALSE,NA,NA,NA,"M4","Apple","High",NA,NA
224,"Dell Inspiron 3515 15.6 inches AMD Ryzen 5 3450U (8GB - 256GB)",134499,145000,"7% OFF",NA,NA,"Dell","Ryzen 5",NA,"Inspiron 3515 15.6 inches AMD Ryzen 5 3450U",FALSE,NA,NA,NA,"Ryzen 5","AMD",NA,8,256
225,"Infinix INBook X2 1065G7 14 Inches Core i7 (8GB RAM - 512GB SSD)",119999,169999,"29% OFF",5,4,"Infinix","Core i7","512GB SSD","INBook X2 1065G7 14 Inches Core i7",FALSE,NA,NA,NA,"Core i7","Intel","Upper-Mid",512,512
226,"Apple MacBook Pro A2289 13 Inches Core i5 (8GB-512GB)",242999,380000,"36% OFF",NA,NA,"Apple","Core i5",NA,"MacBook Pro A2289 13 Inches Core i5",FALSE,NA,NA,NA,"Core i5","Intel","Mid",8,512
227,"HP 15s FQ5098TU 15.6 Inches 12th Gen Core i5 Win 11 (8GB - 512GB)",145999,174999,"17% OFF",NA,NA,"Hp","Core i5",NA,"15s FQ5098TU 15.6 Inches 12th Gen Core i5 Win 11",FALSE,NA,NA,NA,"Core i5","Intel","Mid",8,512
228,"Dell Inspiron 3520 Core i7 12th Gen (8GB-512GBSSD)",187499,230000,"18% OFF",NA,NA,"Dell","Core i7","8GB-512GBSSD","Inspiron 3520 Core i7 12th Gen",FALSE,NA,NA,NA,"Core i7","Intel","Upper-Mid",8,8
229,"Apple MacBook Air 15.3 M2 MQKX3 (8GB-512GB)",406999,420000,"3% OFF",NA,NA,"Apple","M2",NA,"MacBook Air 15.3 M2 MQKX3",FALSE,NA,NA,NA,"M2","Apple","Upper-Mid",8,512
230,"HP 15 FD0336nia 13th Gen Core i3 (4GB-256GB)",107999,125000,"14% OFF",NA,NA,"Hp","Core i3",NA,"15 FD0336nia 13th Gen Core i3",FALSE,NA,NA,NA,"Core i3","Intel","Entry",4,256
231,"Lenovo IdeaPad 5 Core i7 12th Gen (16GB-512GB)",205999,238000,"13% OFF",NA,NA,"Lenovo","Core i7",NA,"IdeaPad 5 Core i7 12th Gen",FALSE,NA,NA,NA,"Core i7","Intel","Upper-Mid",16,512
232,"HP VICTUS 16-R0003NIA Ci7-13700H (32GB -1TB SSD) RTX 4060 8GB",349999,4e+05,"13% OFF",NA,NA,"Hp",NA,NA,"VICTUS 16-R0003NIA Ci7-13700H  RTX 4060 8GB",TRUE,"RTX",4060,"Upper-Mid","HP VICTUS 16-R0003NIA Ci7-13700H (32GB -1TB SSD) RTX 4060 8GB","Intel","Upper-Mid",32,1024
233,"ASUS ExpertBook B1 502CB 12th Ci5 235U",147999,170000,"13% OFF",NA,NA,"Asus",NA,NA,"ExpertBook B1 502CB 12th Ci5 235U",FALSE,NA,NA,NA,"ASUS ExpertBook B1 502CB 12th Ci5 235U","Intel","Mid",NA,NA
234,"Apple MacBook Air 15 Inches With M3 Chip (MRYV3)",399999,449999,"11% OFF",NA,NA,"Apple","M3",NA,"MacBook Air 15 Inches With M3 Chip",FALSE,NA,NA,NA,"M3","Apple","High",NA,NA
235,"Dell Vostro 3530 Ci3-1305U (8GB-512GB SSD)",111999,143000,"22% OFF",NA,NA,"Dell",NA,"8GB-512GB SSD","Vostro 3530 Ci3-1305U",FALSE,NA,NA,NA,"Dell Vostro 3530 Ci3-1305U (8GB-512GB SSD)","Intel","Entry",8,8
236,"Apple Macbook Air 15 MC7C4 M4 Chip",489999,499999,"2% OFF",NA,NA,"Apple","M4",NA,"Macbook Air 15 MC7C4 M4 Chip",FALSE,NA,NA,NA,"M4","Apple","High",NA,NA
237,"Acer Nitro V15 13th Gen Core i7-13620H (16GB-512GB SSD) RTX 4060 8GB Graphics",295999,305000,"3% OFF",NA,NA,"Acer","Core i7","16GB-512GB SSD","Nitro V15 13th Gen Core i7-13620H  RTX 4060 8GB Graphics",TRUE,"RTX",4060,"Upper-Mid","Core i7","Intel","Upper-Mid",16,16
238,"Acer Nitro V16 AMD RYZEN 7 8845HS (16GB-512GB SSD)",300999,330000,"9% OFF",NA,NA,"Acer",NA,"16GB-512GB SSD","Nitro V16 AMD RYZEN 7 8845HS",FALSE,NA,NA,NA,"Acer Nitro V16 AMD RYZEN 7 8845HS (16GB-512GB SSD)","AMD",NA,16,16
239,"HP OmniBook 5 16-AF1095CL Core Ultra 9 285H (32GB 1TB)",346999,370000,"6% OFF",NA,NA,"Hp","Ultra 9",NA,"OmniBook 5 16-AF1095CL Core Ultra 9 285H",FALSE,NA,NA,NA,"Ultra 9","Intel","High",32,1024
240,"HP EliteBook 840 G11 Ultra 7-155U vPro (16GB-512GB SSD)",344999,380000,"9% OFF",NA,NA,"Hp","Ultra 7","16GB-512GB SSD","EliteBook 840 G11 Ultra 7-155U vPro",FALSE,NA,NA,NA,"Ultra 7","Intel","Upper-Mid",16,16
241,"Dell 15 DC15250 Core 3-100U (8GB-512GB SSD)",147999,165000,"10% OFF",NA,NA,"Dell",NA,"8GB-512GB SSD","15 DC15250 Core 3-100U",FALSE,NA,NA,NA,"Dell 15 DC15250 Core 3-100U (8GB-512GB SSD)","Intel",NA,8,8
242,"HP Pavilion 15 EH2033au 15.6 Inches AMD Ryzen 7 5825U Win 11 (16GB - 1TB)",200999,249999,"20% OFF",NA,NA,"Hp","Ryzen 7",NA,"Pavilion 15 EH2033au 15.6 Inches AMD Ryzen 7 5825U Win 11",FALSE,NA,NA,NA,"Ryzen 7","AMD",NA,16,1024
243,"HP Pavilion 15 EH2032au 15.6 Inches AMD Ryzen 5 5625U Win 11 (16GB - 512GB)",156999,199999,"22% OFF",NA,NA,"Hp","Ryzen 5",NA,"Pavilion 15 EH2032au 15.6 Inches AMD Ryzen 5 5625U Win 11",FALSE,NA,NA,NA,"Ryzen 5","AMD",NA,16,512
244,"HP 15s FD0107TU 15.6 Inches 13th Gen Core i5 1335u Win 11 (8GB - 512GB)",159999,219999,"27% OFF",3,1,"Hp","Core i5",NA,"15s FD0107TU 15.6 Inches 13th Gen Core i5 1335u Win 11",FALSE,NA,NA,NA,"Core i5","Intel","Mid",8,512
245,"HP 15-DY5131WM Laptop 12thGen Core i3 (8GB RAM, 256GB SSD)",109999,135000,"19% OFF",4,1,"Hp","Core i3","256GB SSD","15-DY5131WM Laptop 12thGen Core i3",FALSE,NA,NA,NA,"Core i3","Intel","Entry",256,256
246,"HP Envy 14-ES0013DX 13th Gen Core i5-1335U (8GB DDR4-512GB SSD)",169999,220000,"23% OFF",NA,NA,"Hp","Core i5","512GB SSD","Envy 14-ES0013DX 13th Gen Core i5-1335U",FALSE,NA,NA,NA,"Core i5","Intel","Mid",512,512
247,"Dell Vostro 3520 12th Gen Core i3 15.6 inches (8GB-512GB)",100999,125000,"19% OFF",NA,NA,"Dell","Core i3",NA,"Vostro 3520 12th Gen Core i3 15.6 inches",FALSE,NA,NA,NA,"Core i3","Intel","Entry",8,512
248,"HP 15 FD0240TU 13th Gen Core i5 1334u (8GB-512GB)",150999,185000,"18% OFF",NA,NA,"Hp","Core i5",NA,"15 FD0240TU 13th Gen Core i5 1334u",FALSE,NA,NA,NA,"Core i5","Intel","Mid",8,512
249,"HP Envy 16 AC0013DX Ultra 5 125U",210999,250000,"16% OFF",NA,NA,"Hp","Ultra 5",NA,"Envy 16 AC0013DX Ultra 5 125U",FALSE,NA,NA,NA,"Ultra 5","Intel","Mid",NA,NA
250,"ASUS ZenBook 14 Q415MA Core Ultra 5 125H",191999,250000,"23% OFF",NA,NA,"Asus","Ultra 5",NA,"ZenBook 14 Q415MA Core Ultra 5 125H",FALSE,NA,NA,NA,"Ultra 5","Intel","Mid",NA,NA
251,"Dell Inspiron 16 5640 Core i5-1334U (16GB-512GB SSD)",197999,209999,"6% OFF",NA,NA,"Dell","Core i5","16GB-512GB SSD","Inspiron 16 5640 Core i5-1334U",FALSE,NA,NA,NA,"Core i5","Intel","Mid",16,16
252,"LENOVO LOQ 15 Ci5 12450HX",241999,279999,"14% OFF",NA,NA,"Lenovo",NA,NA,"LOQ 15 Ci5 12450HX",FALSE,NA,NA,NA,"LENOVO LOQ 15 Ci5 12450HX","Intel","Mid",NA,NA
253,"Infinix INBook X2 1035G1 14 Inches Core i5 (8GB RAM - 512GB SSD)",110999,159999,"31% OFF",5,2,"Infinix","Core i5","512GB SSD","INBook X2 1035G1 14 Inches Core i5",FALSE,NA,NA,NA,"Core i5","Intel","Mid",512,512
254,"HP 15s FQ5096TU 15.6 Inches 12th Gen Core i3 Win 11 (4GB - 256GB)",128999,152000,"15% OFF",NA,NA,"Hp","Core i3",NA,"15s FQ5096TU 15.6 Inches 12th Gen Core i3 Win 11",FALSE,NA,NA,NA,"Core i3","Intel","Entry",4,256
255,"HP 15S-FQ5317TU Laptop 12th Gen Core i5 (8GB-512GB)",150999,180000,"16% OFF",5,1,"Hp","Core i5",NA,"15S-FQ5317TU Laptop 12th Gen Core i5",FALSE,NA,NA,NA,"Core i5","Intel","Mid",8,512
256,"HP 15S-FQ5299NIA Laptop 12th Gen Core i7 (8GB-512GB SSD)",177999,220000,"19% OFF",NA,NA,"Hp","Core i7","8GB-512GB SSD","15S-FQ5299NIA Laptop 12th Gen Core i7",FALSE,NA,NA,NA,"Core i7","Intel","Upper-Mid",8,8
257,"HP 15s EQ2174AU AMD Ryzen 5 5500U (8GB 512GB)",115999,126000,"8% OFF",5,1,"Hp","Ryzen 5",NA,"15s EQ2174AU AMD Ryzen 5 5500U",FALSE,NA,NA,NA,"Ryzen 5","AMD",NA,8,512
258,"Dell Vostro 3520 12th Gen Core i5 15.6 inches (8GB-512GB)",129599,150000,"14% OFF",NA,NA,"Dell","Core i5",NA,"Vostro 3520 12th Gen Core i5 15.6 inches",FALSE,NA,NA,NA,"Core i5","Intel","Mid",8,512
259,"HP Victus 15-FA0212TX Gaming Laptop 12th Gen Core i7-12650H (16GB-512GB)",285999,320000,"11% OFF",NA,NA,"Hp","Core i7",NA,"Victus 15-FA0212TX Gaming Laptop 12th Gen Core i7-12650H",FALSE,NA,NA,NA,"Core i7","Intel","Upper-Mid",16,512
260,"HP 15S-EQ2315AU Laptop AMD Ryzen 7-5700U 8GB-512GB",151999,210000,"28% OFF",NA,NA,"Hp","Ryzen 7",NA,"15S-EQ2315AU Laptop AMD Ryzen 7-5700U 8GB-512GB",FALSE,NA,NA,NA,"Ryzen 7","AMD",NA,NA,NA
261,"HP VICTUS 15-FB2082WM R5-8645HS (8GB-512GB SSD) RTX-4050-6GB",231999,292000,"21% OFF",NA,NA,"Hp",NA,"8GB-512GB SSD","VICTUS 15-FB2082WM R5-8645HS  RTX-4050-6GB",TRUE,"RTX",4050,"Mid","HP VICTUS 15-FB2082WM R5-8645HS (8GB-512GB SSD) RTX-4050-6GB",NA,NA,8,8
262,"HP Spectre x360 14-EF2051TU 13th Gen 1355U",401999,425000,"5% OFF",NA,NA,"Hp",NA,NA,"Spectre x360 14-EF2051TU 13th Gen 1355U",FALSE,NA,NA,NA,"HP Spectre x360 14-EF2051TU 13th Gen 1355U",NA,NA,NA,NA
263,"Acer Predator Helios Neo PH16-72-903U Intel Core i9-14900HX (32GB-1TB SSD)",480999,499999,"4% OFF",NA,NA,"Acer","Core i9",NA,"Predator Helios Neo PH16-72-903U Intel Core i9-14900HX",FALSE,NA,NA,NA,"Core i9","Intel","High",32,1024
264,"HP Victus 15-FB2146AX R7-8845HS (16GB-512GB SSD) RTX 4060 8GB",296999,335000,"11% OFF",NA,NA,"Hp",NA,"16GB-512GB SSD","Victus 15-FB2146AX R7-8845HS  RTX 4060 8GB",TRUE,"RTX",4060,"Upper-Mid","HP Victus 15-FB2146AX R7-8845HS (16GB-512GB SSD) RTX 4060 8GB",NA,NA,16,16
265,"HP DU3572TU 15.6 Inches Core i5 11thGen (8GB RAM - 512GBSSD)",176499,NA,NA,NA,NA,"Hp","Core i5","512GBSSD","DU3572TU 15.6 Inches Core i5 11thGen",FALSE,NA,NA,NA,"Core i5","Intel","Mid",512,512
266,"Infinix INBook Y1 Plus Laptop Core i3 (8GB-256GB SSD) International",85999,111999,"23% OFF",4.8,4,"Infinix","Core i3","8GB-256GB SSD","INBook Y1 Plus Laptop Core i3  International",FALSE,NA,NA,NA,"Core i3","Intel","Entry",8,8
267,"HP Laptop 15S FQ5276NIA i3 12th Gen (4GB-256GB)",107999,125000,"14% OFF",NA,NA,"Hp",NA,NA,"Laptop 15S FQ5276NIA i3 12th Gen",FALSE,NA,NA,NA,"HP Laptop 15S FQ5276NIA i3 12th Gen (4GB-256GB)",NA,"Entry",4,256
268,"DELL Vostro 15 3520 Laptop 12th Gen Core i3",101999,139999,"27% OFF",4.5,1,"Dell","Core i3",NA,"Vostro 15 3520 Laptop 12th Gen Core i3",FALSE,NA,NA,NA,"Core i3","Intel","Entry",NA,NA
269,"HP 15S-FQ5340TU Core i3 12th Gen (8GB-256GB)",106999,120000,"11% OFF",NA,NA,"Hp","Core i3",NA,"15S-FQ5340TU Core i3 12th Gen",FALSE,NA,NA,NA,"Core i3","Intel","Entry",8,256
270,"HP 15-FB1000CA Ryzen 5 15.6 inches (16GB-1TB)",206999,220000,"6% OFF",NA,NA,"Hp","Ryzen 5",NA,"15-FB1000CA Ryzen 5 15.6 inches",FALSE,NA,NA,NA,"Ryzen 5","AMD",NA,16,1024
271,"HP 15s EQ2174AU 15.6 Inches Ryzen 5 (8GB-512GB)",116999,150000,"22% OFF",NA,NA,"Hp","Ryzen 5",NA,"15s EQ2174AU 15.6 Inches Ryzen 5",FALSE,NA,NA,NA,"Ryzen 5","AMD",NA,8,512
272,"HP Envy 16-H1053DX 13th Gen Core i7-13700H (16GB-1TB)",360999,4e+05,"10% OFF",NA,NA,"Hp","Core i7",NA,"Envy 16-H1053DX 13th Gen Core i7-13700H",FALSE,NA,NA,NA,"Core i7","Intel","Upper-Mid",16,1024
273,"HP Envy x360 2 in 1 14 FC0023DX Core Ultra 7 Laptop",230999,3e+05,"23% OFF",NA,NA,"Hp","Ultra 7",NA,"Envy x360 2 in 1 14 FC0023DX Core Ultra 7 Laptop",FALSE,NA,NA,NA,"Ultra 7","Intel","Upper-Mid",NA,NA
274,"Asus Zenbook 14 Q425MA Core Ultra 7 155H",265999,3e+05,"11% OFF",NA,NA,"Asus","Ultra 7",NA,"Zenbook 14 Q425MA Core Ultra 7 155H",FALSE,NA,NA,NA,"Ultra 7","Intel","Upper-Mid",NA,NA
275,"Apple MacBook Air 15 Inches With M3 Chip (MXD43)",395999,449999,"12% OFF",NA,NA,"Apple","M3",NA,"MacBook Air 15 Inches With M3 Chip",FALSE,NA,NA,NA,"M3","Apple","High",NA,NA
276,"Acer Predator Helios Neo PHN14-51-97X1 Intel Core Ultra 9-185H (32GB-1TB SSD)",430999,550000,"22% OFF",NA,NA,"Acer","Ultra 9",NA,"Predator Helios Neo PHN14-51-97X1 Intel Core Ultra 9-185H",FALSE,NA,NA,NA,"Ultra 9","Intel","High",32,1024
277,"Lenovo IdeaPad Slim 5 Core i5 13420H DOS (16GB-512GB SSD)",176999,199999,"12% OFF",NA,NA,"Lenovo","Core i5","16GB-512GB SSD","IdeaPad Slim 5 Core i5 13420H DOS",FALSE,NA,NA,NA,"Core i5","Intel","Mid",16,16
278,"HP 15s FQ5099TU 15.6 Inches 12th Gen Core i7 Win 11 (8GB - 512GB)",173999,199999,"13% OFF",NA,NA,"Hp","Core i7",NA,"15s FQ5099TU 15.6 Inches 12th Gen Core i7 Win 11",FALSE,NA,NA,NA,"Core i7","Intel","Upper-Mid",8,512
279,"Lenovo Ideapad 5 15.6 Inches 11th Gen Core i5 DOS (8GB - 512GB)",144599,174999,"17% OFF",5,1,"Lenovo","Core i5",NA,"Ideapad 5 15.6 Inches 11th Gen Core i5 DOS",FALSE,NA,NA,NA,"Core i5","Intel","Mid",8,512
280,"Lenovo Ideapad 3 15.6 Inches 11th Gen Core i7 DOS (8GB - 1TB)",155999,184999,"16% OFF",NA,NA,"Lenovo","Core i7",NA,"Ideapad 3 15.6 Inches 11th Gen Core i7 DOS",FALSE,NA,NA,NA,"Core i7","Intel","Upper-Mid",8,1024
281,"HP 250 G9 15.6 Inches 12th Gen core i5 DOS (8GB - 512GB)",152999,189999,"19% OFF",NA,NA,"Hp",NA,NA,"250 G9 15.6 Inches 12th Gen core i5 DOS",FALSE,NA,NA,NA,"HP 250 G9 15.6 Inches 12th Gen core i5 DOS (8GB - 512GB)",NA,"Mid",8,512
282,"DELL Vostro 15 3520 Laptop 12th Gen Core i5",134999,170000,"21% OFF",NA,NA,"Dell","Core i5",NA,"Vostro 15 3520 Laptop 12th Gen Core i5",FALSE,NA,NA,NA,"Core i5","Intel","Mid",NA,NA
283,"ASUS Expertbook B1402CVA 13th Gen Core i7 (16GB-512GB)",156999,2e+05,"22% OFF",NA,NA,"Asus","Core i7",NA,"Expertbook B1402CVA 13th Gen Core i7",FALSE,NA,NA,NA,"Core i7","Intel","Upper-Mid",16,512
284,"Apple MACBOOK AIR 13” M3 CHIP MRXV3 8-256",288999,4e+05,"28% OFF",5,1,"Apple","M3",NA,"MACBOOK AIR 13” M3 CHIP MRXV3 8-256",FALSE,NA,NA,NA,"M3","Apple","High",NA,NA
285,"HP Pavilion 15 EH3050au - AMD Ryzen 7 7730U Octa Core (16GB-1TB)",198499,245000,"19% OFF",NA,NA,"Hp","Ryzen 7",NA,"Pavilion 15 EH3050au - AMD Ryzen 7 7730U Octa Core",FALSE,NA,NA,NA,"Ryzen 7","AMD",NA,16,1024
286,"HP Envy 2 in 1 16 AC0023dx Intel Core Ultra 7 155U Processor (16GB-1tb)",251999,299000,"16% OFF",NA,NA,"Hp","Ultra 7",NA,"Envy 2 in 1 16 AC0023dx Intel Core Ultra 7 155U Processor",FALSE,NA,NA,NA,"Ultra 7","Intel","Upper-Mid",16,NA
287,"HP 15s FD0110TU - Raptor Lake - 13th Gen Core i7 (16GB-512GB)",222999,270000,"17% OFF",NA,NA,"Hp","Core i7",NA,"15s FD0110TU - Raptor Lake - 13th Gen Core i7",FALSE,NA,NA,NA,"Core i7","Intel","Upper-Mid",16,512
288,"Lenovo ThinkPad E14 Gen 4 Ryzen 5 DOS",141999,180000,"21% OFF",NA,NA,"Lenovo","Ryzen 5",NA,"ThinkPad E14 Gen 4 Ryzen 5 DOS",FALSE,NA,NA,NA,"Ryzen 5","AMD",NA,NA,NA
289,"Apple MacBook Air MRXN3 M3 8-Core Chip",288999,3e+05,"4% OFF",NA,NA,"Apple","M3",NA,"MacBook Air MRXN3 M3 8-Core Chip",FALSE,NA,NA,NA,"M3","Apple","High",NA,NA
290,"Dell Inspiron 15 3530 13th Gen Core i7 1355U (16GB-512GB SSD)",189999,219999,"14% OFF",NA,NA,"Dell","Core i7","16GB-512GB SSD","Inspiron 15 3530 13th Gen Core i7 1355U",FALSE,NA,NA,NA,"Core i7","Intel","Upper-Mid",16,16
291,"Dell Inspiron 3535 AMD Ryzen 7-7730U (16GB-512GB SSD)",134499,142999,"6% OFF",NA,NA,"Dell","Ryzen 7","16GB-512GB SSD","Inspiron 3535 AMD Ryzen 7-7730U",FALSE,NA,NA,NA,"Ryzen 7","AMD",NA,16,16
292,"Acer Predator Helios Neo PH16-72-99PA Intel Core i9-14900HX (32GB-1TB SSD)",430999,449999,"4% OFF",NA,NA,"Acer","Core i9",NA,"Predator Helios Neo PH16-72-99PA Intel Core i9-14900HX",FALSE,NA,NA,NA,"Core i9","Intel","High",32,1024
293,"Acer Predator Helios Neo PH16-72-97T1 Intel Core i9-14900HX (32GB-1TB SSD)",781999,950000,"18% OFF",NA,NA,"Acer","Core i9",NA,"Predator Helios Neo PH16-72-97T1 Intel Core i9-14900HX",FALSE,NA,NA,NA,"Core i9","Intel","High",32,1024
294,"ASUS ROG Zephyrus G14 GA403UM Ryzen 9-270 (16GB-1TB SSD) RTX 5060 8GB",499999,550000,"9% OFF",NA,NA,"Asus","Ryzen 9",NA,"ROG Zephyrus G14 GA403UM Ryzen 9-270  RTX 5060 8GB",TRUE,"RTX",5060,"High","Ryzen 9","AMD",NA,16,1024
295,"Lenovo ThinkPad E15 15.6 Inches AMD Ryzen 7 (08GB RAM - 512GB SSD)",145500,NA,NA,NA,NA,"Lenovo","Ryzen 7","512GB SSD","ThinkPad E15 15.6 Inches AMD Ryzen 7",FALSE,NA,NA,NA,"Ryzen 7","AMD",NA,512,512
296,"ASUS Expertbook B3402FB 12th gen Core i7 (16GB-512GB)",225000,NA,NA,NA,NA,"Asus","Core i7",NA,"Expertbook B3402FB 12th gen Core i7",FALSE,NA,NA,NA,"Core i7","Intel","Upper-Mid",16,512
297,"ASUS TUF FX507ZC4-HN096 12th Gen Core i5 (16GB-512GB)",260000,NA,NA,NA,NA,"Asus","Core i5",NA,"TUF FX507ZC4-HN096 12th Gen Core i5",FALSE,NA,NA,NA,"Core i5","Intel","Mid",16,512
298,"Lenovo Thinkpad E15 15.6 Inches Core i5 (8GB RAM - 512GB HDD)",153000,NA,NA,NA,NA,"Lenovo","Core i5",NA,"Thinkpad E15 15.6 Inches Core i5",FALSE,NA,NA,NA,"Core i5","Intel","Mid",8,512
299,"ASUS Expertbook B1402CBA 12th Gen Core i5 (8GB-512GB)",155000,NA,NA,NA,NA,"Asus","Core i5",NA,"Expertbook B1402CBA 12th Gen Core i5",FALSE,NA,NA,NA,"Core i5","Intel","Mid",8,512
300,"ASUS TUF FX507ZC4-HN153 12th Gen Core i7 (16GB-512GB)",3e+05,NA,NA,NA,NA,"Asus","Core i7",NA,"TUF FX507ZC4-HN153 12th Gen Core i7",FALSE,NA,NA,NA,"Core i7","Intel","Upper-Mid",16,512
301,"ASUS TUF FX507ZV4-LP349 12th Gen Core i7 (16GB-512GB)",345000,NA,NA,NA,NA,"Asus","Core i7",NA,"TUF FX507ZV4-LP349 12th Gen Core i7",FALSE,NA,NA,NA,"Core i7","Intel","Upper-Mid",16,512
302,"Infinix GT BOOK Core i9 13900H (32GB - 1TB)",442999,NA,NA,NA,NA,"Infinix","Core i9",NA,"GT BOOK Core i9 13900H",FALSE,NA,NA,NA,"Core i9","Intel","High",32,1024
303,"ASUS Expertbook B1500CBA 12th Gen Core i7 (16GB-512GB)",205000,NA,NA,NA,NA,"Asus","Core i7",NA,"Expertbook B1500CBA 12th Gen Core i7",FALSE,NA,NA,NA,"Core i7","Intel","Upper-Mid",16,512
304,"ASUS TUF FX507ZC4-HN129 12th Gen Core i5 (8GB-512GB)",255000,NA,NA,NA,NA,"Asus","Core i5",NA,"TUF FX507ZC4-HN129 12th Gen Core i5",FALSE,NA,NA,NA,"Core i5","Intel","Mid",8,512
305,"Asus ROG Zephyrus G15 GA503QR 15.6 Inches Ryzen 9 5900HS Octa-Core (16GB RAM - 1TB SSD)",399900,NA,NA,NA,NA,"Asus","Ryzen 9",NA,"ROG Zephyrus G15 GA503QR 15.6 Inches Ryzen 9 5900HS Octa-Core",FALSE,NA,NA,NA,"Ryzen 9","AMD",NA,16,1024
